rid,title,year,doi,D1,D2,D3,D4,D5,D6,D7,D8,D9,D10,D11,D12,D13,D14,tipo,poblacion,region,activo,propone_tipologia,fuente,notas
R001,Behavioural biases and investment decisions with mediating role of risk perception and moderating role of financial literacy,2026,10.1007/s44202-026-00669-9,1,1,0,0,0,0,0,0,0,0,0,0,0,0,encuesta,minoristas,Pakistan,acciones,False,consenso,Sesgos genéricos vía riesgo percibido y alfabetización
R002,Behavioral portfolio decisions in a GARCH world,2026,10.1186/s40854-026-00930-z,1,0,0,0,1,0,0,1,0,0,0,0,0,0,teorico_conceptual,mixta_no_especificada,NA,mixto_general,False,consenso,Modelo GARCH de teoría prospectiva
R003,Behaviorally informed deep reinforcement learning for portfolio optimization with loss aversion and overconfidence,2026,10.1038/s41598-026-35902-x,0,0,1,0,1,0,0,0,0,0,0,0,0,0,computacional_ML,mixta_no_especificada,NA,mixto_general,False,adjudicado,Evalua cripto y DJIA: activo mixto_general
R004,Islamic Values and Gen Z's Investment Behavior in the Sharia Stock Market: Beyond Rationality,2026,10.31538/munaddhomah.v6i4.2298,1,1,0,0,0,0,0,0,0,0,1,0,0,0,encuesta,estudiantes,Indonesia,acciones,False,consenso,Valores islámicos como determinante directo
R005,A cultural finance perspective on the low volatility anomaly,2026,10.1016/j.ribaf.2026.103562,0,0,1,0,1,0,0,0,0,0,1,0,0,0,datos_transaccionales,mixta_no_especificada,NA,acciones,False,adjudicado,"UAI es dimension cultural, no ambiguedad; excluye D10"
R006,From Financial Literacy to Investment Intention: The Sequential Roles of Risk Perception and Trust,2026,10.3390/jrfm19070467,1,1,0,0,0,0,0,0,0,0,0,0,0,0,encuesta,minoristas,NA,mixto_general,False,adjudicado,Confianza institucional no es emocion medida; sin D7
R007,Behavioral Biases and Investor Decision-Making in the Saudi Stock Market: The Moderating Roles of Overconfidence and Loss Aversion in an Islamic and Oil-Dependent Economy,2026,10.3390/jrfm19070522,0,0,1,0,1,1,0,0,0,0,0,1,0,0,encuesta,minoristas,Arabia Saudita,acciones,False,consenso,Moderación de overconfidence y loss aversion
R008,Optimizing commodity investor decision-making: A metaheuristic approach to addressing behavioral biases in finance,2026,10.1063/5.0318722,1,0,0,0,0,0,1,0,0,0,0,0,0,0,encuesta,minoristas,NA,otro,False,adjudicado,Resumen afirma decisiones basadas en emociones: D7 procede
R009,A PRISMA-Based Systematic Review of Behavioral Biases and Demographic Moderators in Investment Decision-Making,2026,10.3390/jrfm19060418,0,1,1,0,1,0,0,0,1,0,0,1,0,0,revision,mixta_no_especificada,NA,mixto_general,False,adjudicado,Experiencia inversora analizada como moderador: D9 incluida
R010,Revisiting risk perception in goals-based equity investment: evidence from emerging investors in Bangalore,2026,10.1007/s43546-026-01207-4,1,0,0,0,0,0,0,0,0,0,0,0,0,0,encuesta,minoristas,India,acciones,False,consenso,
R011,Understanding Impact Investment Intention Using the Extended Theory of Planned Behaviour,2026,10.1177/09721509221115001,1,0,0,0,0,0,0,0,0,0,0,0,0,0,encuesta,minoristas,India,mixto_general,False,consenso,"TPB extendida, impact investing"
R012,"Political conservatism and investor risk tolerance: implications for suitability, profiling, and segmentation",2026,10.1057/s41264-026-00368-5,1,0,0,0,0,0,0,0,0,0,0,0,0,0,encuesta,minoristas,Brasil,mixto_general,False,adjudicado,Sugiere refinar perfilamiento pero no propone tipologia
R013,"Two financial worlds and the bridge between them: profiling crypto, traditional, and dual investors",2026,10.1016/j.intfin.2026.102326,1,1,0,0,0,0,0,0,0,0,0,0,0,0,encuesta,minoristas,España,mixto_general,True,consenso,"Perfiles: cripto, tradicional, dual"
R014,Machine learning for risk profiling: An analysis of pension fund participants,2026,10.1016/j.bir.2026.100800,1,0,0,0,0,0,0,1,0,0,0,0,0,0,computacional_ML,minoristas,Turquía,fondos,True,adjudicado,Valida modelos de perfilamiento de riesgo de participantes
R015,Towards Understanding Financial Decision-Making in Equity Markets Among German and Indian Participants: Survey-based Findings,2026,10.1145/3772363.3798970,1,0,0,0,0,0,1,0,0,1,0,0,0,0,encuesta,mixta_no_especificada,Alemania e India,acciones,False,consenso,"Panic selling, encuesta preliminar N=42"
R016,Intergenerational Shifts in Equity Investment Behavior: From Traditional Media to Social Media Among Family Business Investors,2026,10.48161/qaj.v6n2a2403,0,0,0,0,0,0,1,0,0,0,0,1,1,1,encuesta,minoristas,NA,acciones,False,adjudicado,Sentiment y credibilidad de medios: D7 y D14 anadidas
R017,The Flow–Performance Relationship and Behavioral Biases: Evidence from Spanish Mutual Fund Flows,2026,10.3390/risks14040088,0,0,0,0,1,1,0,0,0,0,0,0,0,0,datos_transaccionales,mixta_no_especificada,España,fondos,False,consenso,"Flujos de fondos, relación convexa retornos-flujos"
R018,How trading shocks shape risk preferences: nonlinear evidence from retail forex traders,2026,10.1108/RBF-06-2025-0229,1,0,0,0,0,0,0,0,0,0,0,0,0,0,datos_transaccionales,minoristas,NA,otro,False,consenso,"Forex retail, shocks de trading y apalancamiento"
R019,Investment Risk Appetite (IRA): Scale Development and Validation,2026,10.3390/jrfm19030205,1,0,0,0,0,0,0,0,0,0,0,0,0,0,encuesta,mixta_no_especificada,NA,mixto_general,False,adjudicado,"Muestra no especificada; escala, no tipologia de inversores"
R020,Adaptability factors and behavioral biases of investors in frontier markets: An adaptive market hypothesis perspective,2026,10.1371/journal.pone.0345883,0,1,1,0,0,0,0,0,1,0,0,1,0,1,encuesta,minoristas,Bangladesh,acciones,False,consenso,Modelo de adaptabilidad bajo AMH
R021,Loss aversion in investment: A bibliometric and network visualization analysis,2026,10.1016/j.jbef.2026.101155,0,0,0,0,1,0,0,0,0,0,0,0,0,0,revision,mixta_no_especificada,NA,mixto_general,False,adjudicado,Bibliometria con analisis de contenido discute D5 sustantivamente
R022,"SUSTAINABILITY, ETHICAL CAPITAL, AND INVESTMENT BEHAVIOUR: EMPIRICAL EVIDENCE FROM ESG MUTUAL FUND PREFERENCES IN CULTURAL AND CREATIVE INDUSTRIES",2026,10.29121/shodhkosh.v7.i1s.2026.7194,1,0,0,0,0,0,0,0,0,0,0,0,0,0,encuesta,mixta_no_especificada,NA,fondos,False,consenso,Fondos ESG en industrias culturales y creativas
R023,How information overload and heuristics shape digital investment decisions,2026,10.55493/5003.v16i2.6035,1,0,0,0,0,1,0,0,0,0,0,0,0,1,encuesta,minoristas,India,mixto_general,False,consenso,Sobrecarga de información y heurísticos digitales
R024,How Framing Susceptibility Is Associated with Investment Grip: Evidence from Japanese Retail Investors,2026,10.3390/risks14020040,1,1,0,0,0,1,0,1,0,0,0,0,0,0,encuesta,minoristas,Japón,mixto_general,False,adjudicado,Tolerancia a perdidas y objetivos de largo plazo: D1 y D8
R025,Portfolio Construction Under Behavioral Distortions and Narrow Framing: A Machine Learning Approach,2026,10.3390/math14040607,0,0,0,0,1,1,0,0,0,0,0,0,0,0,computacional_ML,mixta_no_especificada,NA,mixto_general,True,consenso,"Personas CPT, Loss-Averse, Markowitz"
R026,Do match surprises move fan token prices? Evidence from UEFA competitions,2026,10.1016/j.frl.2025.109349,0,0,0,0,1,0,1,0,0,0,0,0,0,0,datos_transaccionales,mixta_no_especificada,NA,cripto,False,consenso,"Fan tokens, asimetría por pérdidas inesperadas"
R027,Global Attention and Market Resilience: Evidence from the Gaza Conflict and Israeli Financial Assets,2026,10.3390/economies14020061,1,0,0,0,0,0,0,0,0,0,0,0,0,1,datos_transaccionales,mixta_no_especificada,Israel,mixto_general,False,consenso,Atención global (Google Trends) y riesgo percibido
R028,Exploring the role of simulated learning on portfolio management: enhancing investment decisions by addressing behavioural biases,2026,10.4324/9781003716617-8,0,0,1,0,1,0,0,0,0,0,0,1,0,0,experimento,mixta_no_especificada,NA,mixto_general,False,consenso,Aprendizaje simulado reduce sesgos
R029,Role of artificial intelligence (AI) in strengthening impact of behavioral factors on investment decision process of IT/ITES employee towards behavioral finance,2026,10.1063/5.0298362,0,0,1,0,1,1,0,0,0,0,0,1,0,0,encuesta,minoristas,India,mixto_general,False,adjudicado,Heuristicas explicitas; empleados inversores individuales
R030,Role of artificial intelligence in understanding psychological influences on investment decisions: A behavioral finance study among IT/ITES employees,2026,10.1063/5.0298363,0,0,0,1,1,0,0,0,0,0,0,1,0,0,encuesta,minoristas,India,mixto_general,False,adjudicado,Confianza propia (D4); cuestionario Likert es encuesta
R031,An AI-Driven Financial Advisory System with Dynamic Risk Profiling,2026,10.1109/ccic68129.2026.11486171,1,0,0,0,0,0,0,0,0,0,0,0,0,0,computacional_ML,minoristas,NA,mixto_general,True,consenso,Perfilamiento dinámico de riesgo con ML
R032,The role of behavioral biases in shaping investment decisions: an empirical analysis of the Indian investors,2026,10.4324/9781003725084-10,0,0,1,0,1,1,0,0,0,0,0,1,0,0,encuesta,minoristas,India,acciones,False,consenso,Nueve sesgos conductuales
R033,"Investors’ Emotional Intelligence, Personality Traits, and Risk Tolerance: A Measure of Investment Decisions",2026,10.1002/9781394315048.ch7,1,0,0,0,0,0,1,0,0,0,0,0,0,0,encuesta,mixta_no_especificada,Canadá,mixto_general,False,consenso,"Inteligencia emocional, personalidad y tolerancia al riesgo"
R034,Emotional Biases and Their Impact on Investment Decisions: A Behavioral Finance Perspective,2026,,0,0,1,0,1,0,1,0,0,0,0,1,0,0,revision,mixta_no_especificada,NA,mixto_general,False,consenso,Síntesis temática de datos secundarios 2021-2025
R035,Machine Learning Modelling of Digitalization in Gen Z Decisions: Financial Literacy and Risk Tolerance,2026,10.1109/iciptm69057.2026.11465506,1,1,0,0,0,0,0,0,0,0,0,0,0,1,computacional_ML,minoristas,NA,mixto_general,False,adjudicado,Digitalizacion y contenido algoritmico como IV: D14
R036,Behavioral Financial Engineering: A Data-Driven Application of Cumulative Prospect Theory to Property Sector Portfolio Optimization,2026,10.1109/acdsa67686.2026.11468200,1,0,0,0,1,0,0,0,0,0,0,0,0,0,datos_transaccionales,mixta_no_especificada,Filipinas,acciones,False,adjudicado,Datos historicos de mercado; modela percepcion de riesgo
R037,Behavioral Biases in Financial Markets: Understanding the Impact of Cognitive Heuristic-Driven Biases and Emotional Biases in Shaping Investment Decisions,2026,,1,0,1,0,1,1,0,0,0,0,1,0,0,0,teorico_conceptual,mixta_no_especificada,NA,acciones,False,adjudicado,Capitulo panoramico sin metodo de revision sistematica
R038,The brain behind the portfolio: the neurological foundations of investment decisions,2026,10.1108/JIMA-12-2023-0393,1,0,1,0,0,0,1,0,0,0,0,0,0,0,experimento,minoristas,NA,mixto_general,False,adjudicado,EEG mide arousal emocional y regulacion: D7
R039,Robo-Advisors in Investment Decision-Making: An Empirical Investigation of Behavioral Biases,2026,10.1007/978-981-95-2872-1_27,0,0,1,0,1,0,0,0,0,0,0,0,0,0,teorico_conceptual,mixta_no_especificada,NA,mixto_general,False,adjudicado,No describe muestra ni instrumento: no codificable como encuesta
R040,Antecedents of investment decisions among retail investors: Mediating risk perception and moderating investment horizon,2026,10.21511/imfi.23(2).2026.24,1,1,0,0,0,1,0,1,0,0,0,0,0,0,encuesta,minoristas,Tailandia,acciones,False,consenso,"Inversión sostenible, riesgo percibido y horizonte"
R041,AI-Based Predictive Modelling of Digitalization Effects on Investment Decisions of Gen Z Investors,2026,10.1109/iciptm69057.2026.11466023,1,0,0,0,0,0,0,0,0,0,0,1,1,1,computacional_ML,minoristas,NA,mixto_general,False,adjudicado,Comunidades financieras en linea: D13; modelado predictivo
R042,Digital Transformation in Wealth Management: Exploring How Robo-Advisors Moderate Behavioral Biases and Shape Investment Decisions,2026,10.1201/9781779641410-9,0,0,1,0,1,1,0,0,0,0,0,1,0,0,teorico_conceptual,mixta_no_especificada,NA,mixto_general,False,adjudicado,Sesgo de confirmacion mencionado explicitamente: D6
R043,Deciphering risk and behavioural biases in investment decision-making,2026,10.1504/aajfa.2024.10068605,1,0,1,0,1,1,0,0,0,0,0,1,0,0,encuesta,mixta_no_especificada,NA,mixto_general,False,consenso,Modelo integrado sesgos-tolerancia al riesgo
R044,Behavioral Biases in Investment Decisions,2026,10.2139/ssrn.5245968,0,0,1,0,1,1,0,0,0,0,0,1,0,0,teorico_conceptual,mixta_no_especificada,NA,mixto_general,False,adjudicado,"Capitulo conceptual con casos, sin protocolo de revision"
R045,From Rationality to Reality: Taxonomy of Biases and Mitigation Strategies for Investors,2026,,0,0,1,0,0,1,1,0,0,0,0,1,0,0,teorico_conceptual,mixta_no_especificada,NA,mixto_general,False,adjudicado,Autoengano equivale a exceso de confianza: D3
R046,AI Supported WealthTech Solutions for Personalized Financial Planning and Investment Decisions,2026,10.1109/iitcee67948.2026.11394050,1,0,0,0,0,0,0,0,1,0,0,0,0,0,mixto,minoristas,NA,mixto_general,True,consenso,Clústeres de inversionistas vía ML
R047,The Psychology of Investing: Case Studies in Behavioral Finance,2026,,0,0,1,0,1,1,0,0,0,0,0,1,0,0,teorico_conceptual,mixta_no_especificada,NA,mixto_general,False,consenso,"Estudios de caso, capítulo"
R048,"Analyzing the Investors Perception, Knowledge and Factors on Equity Fund in Stock Market Investment",2026,,1,1,0,0,0,0,0,0,0,0,0,0,0,0,encuesta,minoristas,India,fondos,False,consenso,"Fondos de renta variable, factores demográficos"
R049,Non-home biased individuals' investment choices: the role of the birthplace of investors,2026,10.1016/j.frl.2025.109026,1,0,0,0,0,1,0,0,0,0,0,0,0,0,encuesta,minoristas,Italia,mixto_general,False,consenso,Home bias y lugar de nacimiento
R050,Examining Diverse Factors Influencing Stock Market Investments of the Investors in South India,2026,,1,0,0,0,0,0,0,0,0,0,0,0,0,0,mixto,minoristas,India,acciones,False,consenso,Factores psicológicos/personalidad vía EFA y SEM
R051,Understanding the disposition effect: a phenomenological study of investor experiences in Nepal,2026,10.1108/QRFM-03-2025-0064,0,1,1,0,1,1,1,0,0,0,0,1,1,1,encuesta,minoristas,Nepal,acciones,False,adjudicado,"Redes sociales citadas; cualitativo por entrevistas, no mixto"
R052,Business Leadership and Behavioral Economics: A Quantitative Assessment of Cognitive and Emotional Biases among Investors,2026,10.61093/bel.10(2).143-162.2026,0,0,1,0,1,1,0,0,0,0,0,0,0,0,encuesta,minoristas,Tunez,mixto_general,False,consenso,"Framing, illusion of control, conservatism, loss aversion"
R053,Impact of Investor Trust and Risk Perception on Mutual Fund Investment Intentions: The Mediating Role of Financial Literacy,2026,10.32479/irmm.23221,1,1,0,0,0,0,0,0,0,0,0,0,0,0,encuesta,minoristas,India,fondos,False,consenso,Confianza y riesgo mediados por alfabetización financiera
R054,ESG Investing and its Impact on Risk-Adjusted Portfolio Returns from a Behavioral Finance Perspective Using SEM,2026,10.71086/iajse/v13i1/iajse1340,1,0,1,0,0,0,0,0,0,0,0,1,0,0,encuesta,mixta_no_especificada,NA,mixto_general,False,adjudicado,Constructos perceptuales en SEM implican datos de encuesta
R055,Exploring the Landscape of Behavioral Finance: A Review,2026,,0,0,1,0,1,1,0,0,0,0,0,1,0,0,revision,mixta_no_especificada,NA,mixto_general,False,consenso,Revisión general de finanzas conductuales
R056,"Behavioral personae, narrow framing, and stochastic dominance in the cryptocurrency market",2026,10.1007/s10479-026-07135-8,1,0,0,0,1,1,0,0,0,0,0,0,0,0,datos_transaccionales,mixta_no_especificada,NA,mixto_general,False,adjudicado,"Narrow framing (D6); arquetipos preexistentes, no propuestos"
R057,When Confidence and Knowledge Diverge: Investor Calibration and Portfolio Behavior,2026,10.1080/15427560.2026.2651122,1,1,1,1,0,0,0,0,0,0,0,0,0,0,encuesta,minoristas,Estados Unidos,acciones,True,adjudicado,Divergencia conocimiento subjetivo/objetivo: D3 y D4
R058,Masculinity and Financial Behavior: Understanding Biases and Empowering Resilience,2026,10.1007/978-3-032-11276-7_3,1,0,1,0,1,1,1,0,0,0,1,0,0,0,revision,mixta_no_especificada,NA,mixto_general,False,adjudicado,Toma de riesgo (D1) y presion emocional/estres (D7)
R059,Analysis of Islamic Unit Trust Funds Investors in Malaysia using the Kohonen self-organizing maps,2026,10.1108/JIMA-08-2024-0350,1,1,0,0,0,0,0,0,0,0,1,0,0,0,computacional_ML,minoristas,Malasia,fondos,True,consenso,Kohonen SOM clasifica inversores en tres grupos
R060,Gender and the Brain on Finance: Are Men and Women Wired for Different Risks?,2026,,1,0,0,0,0,0,0,0,0,0,1,0,0,0,teorico_conceptual,mixta_no_especificada,NA,mixto_general,False,adjudicado,Factores socioculturales de genero: D11; capitulo conceptual
R061,"Financial Reporting, Investor Psychology and the Role of Data Governance in Equity Markets",2026,10.4018/979-8-2600-2233-7.ch006,0,0,1,0,1,1,0,0,0,0,0,1,0,0,mixto,mixta_no_especificada,Indonesia,acciones,False,adjudicado,"Perfiles trader/inversor son hallazgo, no tipologia propuesta"
R062,Agent-Based Simulation of a Financial Market with Large Language Models,2026,10.1007/978-3-032-13562-9_2,0,0,0,0,1,0,0,0,0,0,0,0,0,0,computacional_ML,mixta_no_especificada,NA,acciones,False,adjudicado,Anclaje al punto de referencia forma parte de aversion a perdida
R063,Crypto Investment Trends in the Digital Age: The Impact of Online Information on Risk Perception,2026,10.64211/oidaijsd190302,1,1,0,0,0,0,0,0,0,0,0,0,1,1,encuesta,minoristas,NA,cripto,False,adjudicado,"Exposicion informativa, no manada ni influencia social medida"
R064,"Navigating crypto markets: financial literacy, behavior and information channels",2026,10.1108/IJBM-04-2025-0285,1,1,1,0,0,0,0,0,0,0,0,1,0,1,encuesta,minoristas,España,cripto,True,adjudicado,Fuentes de informacion (D14) y perfil de tenedores de Bitcoin
R065,Financial risk profiling of millennials,2025,10.1108/GKMC-09-2023-0333,1,0,0,0,0,0,0,0,0,0,0,0,0,0,encuesta,minoristas,India,mixto_general,False,consenso,Perfil de riesgo de inversionistas millennials
R066,How Does Loss Aversion Mediate the Relationship Between Personality Traits and Efficiency of Skills in Investment Decision-Making?,2025,10.32479/irmm.17502,0,0,0,0,1,0,0,0,0,0,0,0,0,0,encuesta,minoristas,Sri Lanka,acciones,False,consenso,Aversión a la pérdida media rasgos de personalidad y decisiones
R067,The impact of behavioral biases on financial satisfaction: the mediating role of investment decisions,2025,10.1007/s12232-025-00502-0,0,0,1,0,1,1,0,0,0,0,0,0,0,0,encuesta,minoristas,India,mixto_general,False,consenso,Sesgos y satisfacción financiera mediada por decisiones
R068,A portfolio-focused behavioral model linking financial literacy and risk tolerance: Evidence from mutual fund investors in Türkiye,2025,10.1016/j.bir.2025.09.001,1,1,0,0,0,0,0,0,0,0,0,0,0,0,encuesta,minoristas,Turquia,fondos,False,consenso,Alfabetización financiera y tolerancia al riesgo en fondos
R069,Sustainable investing through a gendered lens: the role of locus of control and risk perception,2025,10.1057/s41264-025-00321-y,1,1,0,0,0,0,0,0,0,0,0,0,0,0,encuesta,minoristas,India,mixto_general,False,adjudicado,No examina cultura; inversion sostenible transversal a activos
R070,Unveiling the attitudinal factors: an integration of TPB and SCT in understanding investor intention towards equity investments,2025,10.1057/s41599-025-05478-4,0,1,0,1,0,0,0,0,0,0,0,0,0,0,encuesta,minoristas,India,acciones,False,consenso,"TPB y SCT, autoeficacia financiera e intención de inversión"
R071,Artificial intelligence in behavioral finance: a global review of cognitive bias modeling in investor decision-making,2025,10.1007/s43546-025-00986-6,0,0,1,0,1,1,0,0,0,0,0,1,0,1,revision,mixta_no_especificada,NA,mixto_general,False,adjudicado,Heuristica de disponibilidad explicita (D6); redes como fuente
R072,Mutual fund investment in Nepal and its dual analysis of economic impact and investor behavior,2025,10.1007/s43621-025-02243-0,1,1,0,0,0,0,0,0,0,0,0,0,0,1,mixto,minoristas,Nepal,fondos,False,adjudicado,Disponibilidad de informacion es factor validado en SEM
R073,How good are LLMs in risk profiling?,2025,10.1016/j.frl.2025.108102,1,0,0,0,0,0,0,0,0,0,0,0,0,0,computacional_ML,profesionales_asesores,NA,mixto_general,False,adjudicado,Los sujetos comparados son expertos bancarios
R074,Anticipated psychological spreads: Cryptocurrencies’ hidden short-term monitors and implications for price forecasting,2025,10.1016/j.intfin.2025.102224,0,0,0,0,1,0,0,0,0,0,0,0,0,0,datos_transaccionales,mixta_no_especificada,NA,cripto,False,adjudicado,Regresiones sobre precios reales de 32 criptomonedas
R075,Big Five Personality Traits and Financial Risk Tolerance among Retail Investors: A Systematic Literature Review,2025,10.14419/bv72nr69,1,0,0,0,0,0,0,0,0,0,0,0,0,0,revision,minoristas,NA,mixto_general,False,consenso,Revisión sistemática Big Five y tolerancia al riesgo
R076,"The Role of Fear of Missing out (FOMO), Loss Aversion, and Herd Behavior in Gold Investment Decisions: A Study in the Vietnamese Market",2025,10.3390/ijfs13030175,0,0,0,0,1,0,1,0,0,0,0,1,0,0,encuesta,minoristas,Vietnam,otro,False,consenso,"FOMO, aversión a la pérdida y manada en inversión en oro"
R077,"Generational Insights into Herding Behavior: The Moderating Role of Investment Experience in Shaping Decisions Among Generations X, Y, and Z",2025,10.3390/ijfs13030176,0,0,0,0,0,0,0,0,1,0,0,1,0,0,encuesta,minoristas,Indonesia,mixto_general,False,consenso,"Manada por generación, moderada por experiencia inversora"
R078,Risk Perception as a Predictor of Heuristic Biases: The Role of Sex and Age,2025,10.1007/s10690-024-09481-8,1,0,1,0,0,1,0,0,0,0,0,0,0,0,encuesta,minoristas,NA,acciones,False,adjudicado,Contexto bursatil explicito en implicaciones
R079,Behavioural factors in risk perception and financial decision making,2025,10.1177/18724981251346316,1,0,1,0,1,1,0,0,0,0,0,1,0,0,encuesta,minoristas,NA,acciones,False,consenso,Factores conductuales y percepción de riesgo como mediador
R080,Investor Emotions and Cognitive Biases in a Bearish Market Simulation: A Qualitative Study,2025,10.3390/jrfm18090493,0,0,1,0,1,1,1,0,0,0,0,1,0,0,experimento,estudiantes,NA,mixto_general,False,adjudicado,Simulacion con portafolios virtuales sin activo especificado
R081,Happiness and stock market participation,2025,10.1016/j.najef.2025.102491,1,1,0,0,0,0,0,0,0,0,0,1,0,0,encuesta,minoristas,China,acciones,False,consenso,"Felicidad y participación bursátil, riesgo como moderador"
R082,The Psychological and Behavioural Determinants of Mutual Fund Investment Decisions in Bengaluru: A Mixed-Method Approach,2025,10.14419/jn051k29,0,1,1,0,1,1,0,0,0,0,0,1,0,0,mixto,minoristas,India,fondos,False,adjudicado,Teoria prospectiva y aversion a perdidas explicitas: D5
R083,Optimizing Communication Design for Robo-Advisors: The Effects of Investor Types and Information Strategies on Trust and Engagement during Financial Losses,2025,10.15187/adr.2025.08.38.3.149,1,0,0,0,0,0,0,0,0,0,0,0,0,1,experimento,minoristas,NA,mixto_general,False,adjudicado,Encuadre de mensajes de robo-advisor: D14; 79 inversores adultos
R084,Psychological Factors and Investment Decision Making,2025,10.2139/ssrn.5265809,1,1,1,0,1,1,1,0,0,0,0,1,0,0,encuesta,minoristas,India,mixto_general,False,consenso,EFA de factores psicológicos en decisiones de inversión
R085,Leveraging Generative AI to Address Behavioral Biases in the Investment Decisions of Gen Z and Millennials,2025,10.4018/979-8-3373-1250-7.ch014,0,0,1,0,1,0,1,0,0,0,0,1,0,0,teorico_conceptual,minoristas,NA,mixto_general,False,adjudicado,Poblacion objetivo son jovenes inversores individuales
R086,Optimization of sustainable portfolios considering behavioral biases: ESG risk management,2025,10.4018/979-8-3373-0613-1.ch006,0,0,1,0,1,0,0,0,0,0,0,1,0,0,teorico_conceptual,mixta_no_especificada,NA,mixto_general,False,consenso,Optimización de carteras ESG considerando sesgos
R087,Bibliometric review of behavioral finance and risk: A scientometric analysis using biblioshiny,2025,10.31893/multirev.2025233,1,0,0,0,0,1,0,0,0,0,0,0,0,0,revision,mixta_no_especificada,NA,mixto_general,False,consenso,Análisis bibliométrico de finanzas conductuales y riesgo
R088,"Cognitive biases, Robo advisor and investment decision psychology: An investor's perspective from New York stock exchange",2025,10.1016/j.actpsy.2025.105048,1,0,1,0,1,1,0,0,0,0,0,0,0,0,encuesta,minoristas,Estados Unidos,acciones,False,adjudicado,"Robo-advisor es moderador tecnologico, no susceptibilidad mediatica"
R089,The role of behavioral finance in shaping economic decision-making: Insights from AI and big data integration,2025,10.4018/979-8-3693-8166-3.ch002,0,0,1,0,1,0,0,0,0,0,0,1,0,0,mixto,mixta_no_especificada,NA,mixto_general,False,adjudicado,"Solo dice inversores, sin especificar tipo"
R090,"Herding behavior, disposition effect, and investment decisions: A multi-mediation analysis of risk perception and dividend policy",2025,10.1016/j.actpsy.2025.104964,1,0,0,0,1,0,0,0,0,0,0,1,0,0,encuesta,minoristas,Pakistan,acciones,False,consenso,Manada y disposición mediadas por riesgo y dividendos
R091,The market's implied loss aversion under power-log utility investor preferences,2025,10.1016/j.frl.2025.107154,0,0,0,0,1,0,0,0,0,0,0,0,0,0,datos_transaccionales,mixta_no_especificada,NA,acciones,False,adjudicado,Mercado de indice accionario spot y opciones
R092,Personality Traits as Moderator of Risk Perception and Investment Decision,2025,10.47857/irjms.2025.v06i02.03325,1,0,1,0,1,1,0,0,0,0,0,1,0,0,encuesta,minoristas,NA,mixto_general,False,consenso,Rasgos de personalidad moderan riesgo y sesgos
R093,Gauging investors' investment decisions in the crypto market through the PRISM of behavioral biases: a fuzzy AHP approach,2025,10.1108/IJOEM-02-2022-0263,0,0,1,0,1,1,0,0,0,0,0,1,0,0,encuesta,minoristas,India,cripto,False,adjudicado,F-AHP aplicado a encuesta de 467 inversores
R094,Analyzes of common behavioral bias among Indo-Arabian investors and how to better manage them,2025,,0,0,1,0,1,0,0,0,0,0,0,1,0,0,revision,mixta_no_especificada,NA,mixto_general,False,consenso,Revisión de sesgos comunes en inversionistas indo-árabes
R095,"THE INVESTMENT PUZZLE: UNVEILING BEHAVIORAL FINANCE, RISK PERCEPTION, AND FINANCIAL LITERACY",2025,10.2478/eoik-2025-0003,1,1,1,0,1,1,0,0,0,0,0,1,0,0,encuesta,minoristas,Arabia Saudita,acciones,False,adjudicado,Blue-chip bias es sesgo de familiaridad: D6
R096,Country-Level Loss Aversion and the Market Response to Earnings News,2025,10.1142/S1094406024500215,0,0,0,0,1,0,0,0,0,0,1,0,0,0,datos_transaccionales,mixta_no_especificada,NA,acciones,False,consenso,Aversión a la pérdida a nivel país y reacción a noticias de ganancias
R097,"Crypto Investment: The Role of Investment Motivations, Investment Confidence, and Risk Perceptions",2025,10.61190/fsr.v33i1.3974,1,0,0,1,0,0,0,0,0,0,0,0,0,0,encuesta,minoristas,Estados Unidos,cripto,False,consenso,"Motivación, confianza y percepción de riesgo en cripto"
R098,Smoothing the Subjective Financial Risk Tolerance: Volatility and Market Implications,2025,10.3390/math13040680,1,0,0,0,0,0,0,0,0,0,0,0,0,0,computacional_ML,mixta_no_especificada,Estados Unidos,acciones,False,adjudicado,Predice VIX y ETF del S&P 500: mercado accionario
R099,Does cognitive biased knowledge influence investor decisions? An empirical investigation using machine learning and artificial neural network,2025,10.1108/VJIKMS-08-2022-0253,0,0,1,0,1,1,0,0,0,0,0,0,0,0,computacional_ML,minoristas,NA,mixto_general,False,adjudicado,Efecto Barnum es sesgo cognitivo generico (D6); ANN
R100,Asymmetric dependence between the prospect theory value and stock returns in India: a quantile regression approach,2025,10.1108/MF-10-2023-0628,0,0,0,0,1,0,0,0,0,0,0,0,0,0,datos_transaccionales,mixta_no_especificada,India,acciones,False,consenso,prospect theory value como predictor de retornos
R101,Embedding behavioral biases into robo-advisory platforms-case of UAE investors,2025,10.1108/JRF-06-2024-0184,0,0,0,0,1,1,0,0,0,0,0,1,0,0,encuesta,mixta_no_especificada,Emiratos Árabes Unidos,mixto_general,False,consenso,sesgos embebidos en plataforma robo-advisory
R102,"Unveiling investment behavior: through emotional intelligence, social stigma, financial literacy and risk tolerance",2025,10.1108/IJSE-08-2023-0626,1,1,0,0,0,0,1,0,0,0,0,0,0,0,encuesta,minoristas,India,acciones,False,adjudicado,Muestra definida por experiencia en mercado bursatil
R103,Risk Tolerance in Investment Decisions,2025,10.36334/modsim.2019.e5.phung,1,1,0,0,0,0,0,0,0,0,0,0,0,0,encuesta,minoristas,India,mixto_general,False,consenso,"Big Five, riesgo y literacidad financiera"
R104,Reconciling Self-Assessed with Psychometric Risk Tolerance: A New Framework for Profiling Risk among Investors,2025,10.1080/15427560.2023.2271108,1,0,0,0,0,0,0,0,0,0,0,0,0,0,computacional_ML,minoristas,NA,mixto_general,True,adjudicado,"Modelo estimativo de FRT; enfoque computacional, no mixto"
R105,Analysis of Investor Profiling and Portfolio Recommendations by Robo-Advisors in Germany,2025,10.17549/gbfr.2025.30.8.19,1,0,0,0,0,0,0,0,0,0,0,0,0,0,mixto,mixta_no_especificada,Alemania,mixto_general,True,adjudicado,"Analiza robo-advisors, no muestra de inversores; once perfiles de riesgo"
R106,"The role of robo-advisors in behavioural finance, shaping investment decisions",2025,10.1080/23322039.2025.2571403,0,1,1,0,1,0,0,0,0,0,0,0,0,0,encuesta,minoristas,NA,mixto_general,False,consenso,"robo-advisor mitiga sesgos, literacidad como moderador"
R107,Irrational investors,2025,10.4337/9781035339723.00022,1,0,1,0,1,1,0,0,0,0,0,1,0,0,teorico_conceptual,mixta_no_especificada,NA,mixto_general,False,adjudicado,Capitulo conceptual; discute aversion al riesgo ademas de sesgos
R108,The Role of Behavioral Finance In Investment Decision-Making Using Machine Learning-Understanding the Psychology Behind Stock Market Trends,2025,10.1109/autocom64127.2025.10956259,0,0,1,0,1,0,1,0,0,0,0,1,0,0,computacional_ML,mixta_no_especificada,NA,acciones,False,consenso,simulación con datos históricos y sentimiento vía ML
R109,"Impact of Anchoring, Herding and Loss-Aversion on Working Women’s Investment Decision-Making",2025,10.26794/2587-5671-2025-29-5-1456-01,0,0,0,0,1,1,0,0,0,0,0,1,0,0,encuesta,minoristas,India,acciones,False,consenso,mujeres trabajadoras inversoras en India
R110,Heuristic bias and investment decision: Exploring the mediating role of investors' risk perceptions,2025,10.21511/imfi.22(1).2025.33,1,0,1,0,0,1,0,0,0,0,0,0,0,0,encuesta,minoristas,Nepal,acciones,False,consenso,percepción de riesgo media efecto de sesgos heurísticos
R111,A Bibliometric Analysis on Behaviour Biases and Investment Decisions Among Retail Investors,2025,10.53555/jab.v11i4.365,0,0,1,0,1,1,0,0,0,0,0,1,0,0,revision,minoristas,NA,mixto_general,False,consenso,bibliometría 2012-2024 sobre sesgos en minoristas
R112,"Herding Behavior, Risk Perception, and Investment Performance: A Serial Mediation Analysis",2025,10.46585/sp33012242,1,0,0,0,0,0,0,0,0,0,0,1,0,0,encuesta,minoristas,Nepal,acciones,False,consenso,mediación serial riesgo percibido y decisión
R113,The impact of behavioural biases on the behaviours of informed and uninformed individual stock investors: case of the Egyptian Stock Exchange,2025,10.1504/aajfa.2025.143504,0,1,0,0,0,0,1,0,0,0,0,0,0,0,encuesta,minoristas,Egipto,acciones,True,adjudicado,Sesgos emocionales explicitos; clasifica informados/no informados
R114,Behavioural Finance Factors and Investment Decisions: Risk Perception of Gender as a Mediating Factor,2025,10.2174/9798898810818125010015,1,1,0,0,1,0,0,0,0,0,0,1,0,0,encuesta,minoristas,NA,mixto_general,False,adjudicado,"Genero es demografico moderador, no valor cultural: sin D11"
R115,Unpacking Investor Psychology: A Systematic Review and Meta-Analysis of Behavioural Biases Shaping Investment Decisions*,2025,10.5256/f1000research.185331.r426000,0,0,1,0,1,1,1,0,0,0,0,1,0,0,revision,mixta_no_especificada,NA,mixto_general,False,consenso,"SLR PRISMA, 63 estudios, mercados formales/informales"
R116,THE PSYCHOLOGY OF THE MARKET: ARE COGNITIVE ILLUSIONS DRIVING RISK-RELATED INVESTOR BEHAVIOUR?,2025,10.22495/rgcv15i4p9,0,0,1,0,1,1,0,0,0,0,0,0,0,0,encuesta,minoristas,Egipto,acciones,False,consenso,ilusiones cognitivas y prospect theory en EGX
R117,The influence of behavioral biases on the decisionmaking process about investments in the stock market,2025,10.1201/9781003606185-15,0,0,1,0,1,1,1,0,0,0,0,1,0,0,encuesta,minoristas,NA,acciones,False,adjudicado,Examina sentimientos; contexto explicito de mercado accionario
R118,Decoding Investor Sentiments in the Indian Stock Market: A Structural Equation Modelling Approach,2025,,0,0,1,0,0,1,1,0,0,0,0,1,0,0,encuesta,minoristas,India,acciones,False,consenso,sentimiento del inversor vía SEM
R119,The Impact of Robo-Advisors and Risk Tolerance on Retail Investor Portfolio Performance,2025,10.62754/joe.v4i1.5977,1,0,0,0,0,0,0,0,0,0,0,0,0,0,revision,minoristas,NA,mixto_general,False,consenso,revisión de literatura sobre robo-advisors y tolerancia al riesgo
R120,Empirical Evidence of Behavioral Biases in Investment: Should We Be Looking for Financial Variables to Moderate Them?,2025,10.1007/978-981-96-6998-1_2,0,0,1,0,1,1,0,0,0,0,0,0,0,0,encuesta,minoristas,India,mixto_general,False,adjudicado,Conservadurismo y sesgos cognitivos justifican D6
R121,Research marking and yield in behavioural finance literature review: observations from bibliometric analysis using R,2025,10.1108/JEAS-09-2024-0334,0,0,1,0,1,1,0,0,0,0,0,1,0,0,revision,mixta_no_especificada,NA,mixto_general,False,adjudicado,"Temas explicitos: manada, home bias, exceso de confianza, aversion perdida"
R122,Measuring contextuality in investment preferences,2025,10.1007/s10479-025-06630-8,1,0,0,0,0,1,0,0,0,0,0,0,0,0,experimento,mixta_no_especificada,NA,acciones,False,adjudicado,Familiaridad investigada como determinante: D6 procede
R123,Decoding Investor’s Irrationality: A Fuzzy AHP Exploration of Behavioural Biases,2025,10.1177/09722629251329995,0,0,0,0,1,1,0,0,0,0,0,0,0,0,mixto,profesionales_asesores,NA,acciones,False,consenso,Delphi y fuzzy AHP para priorizar 14 sesgos
R124,The Role of Digital Technology in Influencing Investor Psychology and Promoting Sustainable Investment in the Indian Financial Market,2025,10.1109/icbiti65527.2025.11501156,0,1,1,0,1,0,0,0,0,0,1,1,0,0,teorico_conceptual,minoristas,India,mixto_general,False,adjudicado,Discute sustantivamente alfabetizacion financiera y cultura
R125,A Behavioral Finance Analysis of Short-Term Loss Aversion and Herd Mentality in Personal Investing,2025,10.1007/978-3-031-80656-8_36,0,0,0,0,1,0,0,0,0,0,0,1,0,0,teorico_conceptual,mixta_no_especificada,NA,mixto_general,False,consenso,ensayo sobre aversión a pérdida a corto plazo y manada
R126,Portfolio management with the help of AI: What drives retail Indian investors to robo-advisors?,2025,10.1002/isd2.12346,0,1,0,0,0,0,0,0,0,0,0,1,0,0,encuesta,minoristas,India,mixto_general,False,adjudicado,Adopcion de robo-advisor no equivale a susceptibilidad mediatica
R127,Assessing risk and loss aversion: COVID-19 and investor behavior in the Polish stock market,2025,10.1108/CEMJ-02-2024-0047,1,0,0,0,1,0,0,0,0,0,0,0,0,0,encuesta,minoristas,Polonia,acciones,False,consenso,"COVID-19, aversión al riesgo y a la pérdida, prospect theory"
R128,Behavioural finance,2025,,0,0,0,0,0,1,1,0,0,0,0,0,0,0,teorico_conceptual,mixta_no_especificada,NA,mixto_general,False,adjudicado,Capitulo conceptual; heuristicas cognitivas y emociones explicitas
R129,Artificial intelligence and behavioural finance biases: improving Lebanese investors decision-making,2025,10.1080/12460125.2025.2537076,0,0,1,0,1,1,0,0,0,0,0,0,0,0,mixto,mixta_no_especificada,Líbano,mixto_general,False,consenso,IA y sesgos en decisores de pymes libanesas
R130,Portfolio choice with narrow framing and loss aversion: a simplified approach,2025,10.1080/1351847X.2024.2388776,0,0,0,0,1,1,0,0,0,0,0,0,0,0,teorico_conceptual,mixta_no_especificada,NA,mixto_general,False,consenso,modelo teórico de portafolio con narrow framing
R131,Systematic review of behavioral finance contributions to financial risk management strategies,2025,10.31893/multirev.2025ss0322,0,0,1,0,1,0,0,0,0,0,0,1,0,0,revision,mixta_no_especificada,NA,mixto_general,False,consenso,"revisión sistemática, finanzas conductuales y gestión de riesgo"
R132,Social Media Engagement as a Lens for Investor Behavior,2025,10.1201/9781003684657-9,0,0,0,0,0,0,0,0,0,0,0,1,1,0,encuesta,mixta_no_especificada,NA,mixto_general,False,adjudicado,"Sentimiento de mercado, no emocion individual; poblacion no especificada"
R133,Influence of Behavioral Biases on Women Investor’s Portfolio Performance,2025,10.1007/978-3-031-87584-7_170,0,0,0,0,1,1,0,0,0,0,0,1,0,0,encuesta,minoristas,NA,mixto_general,False,adjudicado,Cuestionario estructurado con AHP sigue siendo encuesta
R134,Generation Z to Millennials: A Study on Behaviour of Investors of Bengaluru City,2025,10.1007/978-3-031-96530-2_75,0,0,0,0,0,0,0,0,0,0,0,1,0,0,teorico_conceptual,minoristas,India,mixto_general,False,consenso,"generación Z/millennials, influencia social y manada"
R135,The determinants of perceived risk: A moderating role of investor sophistication,2025,10.18488/73.v13i1.4045,1,0,0,0,0,0,0,0,1,0,0,1,1,0,encuesta,minoristas,Indonesia,acciones,False,consenso,sofisticación del inversor modera efecto de redes sociales
R136,"Artificial Intelligence and Digital Decision-Making: Personality Traits, Risk Aversion, and Investment Intentions in the Era of Digitalization",2025,10.1109/eee-am66675.2025.11473895,1,0,0,0,0,0,0,0,0,0,0,0,0,0,encuesta,mixta_no_especificada,NA,mixto_general,False,adjudicado,240 encuestados sin especificar caracter minorista
R137,The Fe ar Z Function: modeling asymmetric volatility decay across market shock categories,2026,10.1108/RBF-06-2025-0239,0,0,0,0,1,0,1,0,0,0,0,0,0,0,computacional_ML,mixta_no_especificada,Estados Unidos,acciones,False,consenso,modelo de decadencia de volatilidad basado en miedo (VIX)
R138,The effect of investors’ emotional and depressive states on perceived returns and risk,2025,10.1108/JABES-10-2024-0473,1,0,0,0,0,0,1,0,0,0,0,0,0,0,encuesta,minoristas,Tailandia,mixto_general,False,adjudicado,Percepcion de riesgo es variable dependiente central
R139,Economic and psychological determination in civil servants' investment decisions ahead of retirement: empirical evidence from Indonesia,2024,10.21003/ea.V212-09,1,0,1,0,1,0,0,1,0,0,0,1,0,0,encuesta,minoristas,Indonesia,mixto_general,False,consenso,funcionarios públicos cerca de la jubilación
R140,"Dissecting investment frequency: examining the role of social influence, investors’ perception of gender discrimination, involvement, access to information and risk tolerance",2024,10.1108/SRJ-11-2023-0671,1,0,0,0,0,0,0,0,0,0,1,1,0,1,encuesta,minoristas,India,mixto_general,False,adjudicado,Discriminacion de genero como identidad; acceso a informacion moderador
R141,"All are interesting to invest, I fear of missing out (FOMO): a comparative study among self-employed and salaried investors",2024,10.1108/JFRC-01-2024-0010,0,0,1,0,1,0,1,0,0,0,0,1,0,0,encuesta,minoristas,India,acciones,False,adjudicado,Mercado accionario indio explicito
R142,Behavioral risk profiling: Measuring loss aversion of individual investors,2024,10.1016/j.jbankfin.2024.107293,1,0,0,0,1,0,0,0,0,0,0,0,0,0,encuesta,mixta_no_especificada,NA,mixto_general,True,adjudicado,Elicitacion en cuestionario; propone clasificacion conductual de clientes
R143,Exploring the influence of behavioral aspects on stock investment decision-making: a study on Bangladeshi individual investors,2024,10.1108/prr-10-2021-0054,1,0,0,0,0,0,0,0,0,0,0,0,0,0,encuesta,minoristas,Bangladesh,acciones,False,consenso,aversión y percepción de riesgo como dimensiones emocionales
R144,The analysis of the impact of the framing effect on the choice of financial products: an analytical hierarchical process approach,2024,10.1007/s10479-022-05142-z,1,0,0,0,0,1,0,0,0,0,0,0,0,0,encuesta,minoristas,Italia,otro,False,adjudicado,Prueba efecto framing sobre percepcion de riesgo; productos no accionarios
R145,"IMPACT OF BEHAVIOURAL FINANCE ON RISK PERCEPTION, PSYCHOLOGICAL BEHAVIOUR, AND FINANCIAL DECISIONS OF MOROCCAN INVESTORS",2024,10.55643/fcaptp.5.58.2024.4451,1,0,1,0,1,0,0,0,0,0,1,0,0,0,mixto,minoristas,Marruecos,acciones,True,consenso,modelo de comportamiento psicológico para inversores marroquíes
R146,A Critical Review of Overconfidence in Investment Decisions: Bibliometric Analysis,2024,10.32479/ijefi.17098,0,0,1,0,0,0,0,0,0,0,0,0,0,0,revision,mixta_no_especificada,NA,mixto_general,False,consenso,bibliometría 1970-2024 sobre exceso de confianza
R147,Behavioural Biases Affecting Financial Risk Tolerance of Working Women Investors: Evidence from the Indian Stock Market,2024,,1,0,0,0,1,1,0,0,0,0,0,1,0,0,encuesta,minoristas,India,acciones,False,consenso,sesgos y tolerancia al riesgo en mujeres trabajadoras
R148,Does Risk Tolerance Mediates the Relationship Between Financial Literacy and Financial Wellbeing During COVID-19: Empirical Evidence From an Emerging Economy,2024,10.1177/21582440241297065,1,1,0,0,0,0,0,0,0,0,0,0,0,0,encuesta,minoristas,Pakistan,acciones,False,consenso,Alfabetización financiera y bienestar mediados por tolerancia al riesgo
R149,Investing in our planet: Examining retail investors' preference for green bond investment,2024,10.1002/bse.3743,1,0,0,0,0,0,0,0,0,0,0,1,0,0,encuesta,minoristas,India,otro,False,consenso,Actitud hacia bonos verdes; riesgo percibido e influencia social
R150,An empirical analysis of navigation behaviors across stock and cryptocurrency trading platforms: implications for targeting and segmentation strategies,2024,10.1007/s10660-022-09612-1,0,0,0,0,1,0,0,0,0,0,0,1,0,0,datos_transaccionales,minoristas,Corea del Sur,mixto_general,True,consenso,Perfiles conductuales de usuarios de apps cripto vs acciones
R151,An uncertainty theory based tri-objective behavioral portfolio selection model with loss aversion and reference level using a modified evolutionary root system growth algorithm,2024,10.1016/j.cam.2024.115859,0,0,0,0,1,0,0,0,0,0,0,0,0,0,computacional_ML,mixta_no_especificada,NA,mixto_general,False,consenso,Modelo de selección de cartera con aversión a la pérdida
R152,Framing effect and disposition effect: investment decisions tools to understand bounded rationality,2024,10.1108/RBF-11-2023-0311,0,0,0,0,1,1,0,0,0,0,0,0,0,0,experimento,mixta_no_especificada,NA,acciones,False,adjudicado,"Inversores Gen Z, no se declaran estudiantes"
R153,A century of asset allocation crash risk,2024,10.1057/s41260-024-00355-2,1,0,0,0,0,0,1,1,0,0,0,0,0,0,datos_transaccionales,mixta_no_especificada,NA,mixto_general,False,consenso,Riesgo de crash de asignación de activos; pánico y horizonte
R154,Measuring behavioral biases in individual investors decision-making and sociodemographic correlations: a systematic review,2024,10.1108/QRFM-05-2022-0090,0,0,1,0,1,1,0,0,0,0,0,1,0,0,revision,minoristas,NA,mixto_general,False,adjudicado,Revision centrada explicitamente en inversores individuales
R155,"“All are investing in Crypto, I fear of being missed out”: examining the influence of herding, loss aversion, and overconfidence in the cryptocurrency market with the mediating effect of FOMO",2024,10.1007/s11135-023-01739-z,0,0,1,0,1,0,1,0,0,0,0,1,0,0,encuesta,minoristas,NA,cripto,False,consenso,"Herding, pérdida, exceso de confianza y FOMO en cripto"
R156,Finance and intelligence: An overview of the literature,2024,10.1111/joes.12583,1,0,0,0,1,0,0,1,0,0,0,0,0,0,revision,mixta_no_especificada,NA,mixto_general,False,adjudicado,"Revisa aversion al riesgo, aversion a perdida y paciencia temporal"
R157,Do heuristics affect Brazilian investors’ decision-making process?,2024,10.1108/RBF-09-2022-0210,0,0,1,0,1,1,0,0,0,0,0,1,0,0,encuesta,minoristas,Brasil,mixto_general,False,consenso,Heurísticas y desempeño de inversores brasileños
R158,Robo Advising and Investor Profiling,2024,10.3390/fintech3010007,1,0,0,0,0,0,0,0,0,0,0,0,0,0,computacional_ML,minoristas,NA,fondos,True,adjudicado,Metodo cuantitativo de perfilado y optimizacion de carteras ETF
R159,Behavioral Finance Biases: A Comprehensive Review on Regret Approach Studies in Portfolio Optimization,2024,,0,0,0,0,1,0,0,0,0,0,0,0,0,0,revision,mixta_no_especificada,NA,mixto_general,False,consenso,Revisión del enfoque de arrepentimiento en optimización de carteras
R160,Clustering Sukuk Using the K-Means Algorithm for Allocation of Investors Based on Investment Risk Profile,2024,10.1051/e3sconf/202448303002,1,0,0,0,0,0,0,0,0,0,0,0,0,0,computacional_ML,mixta_no_especificada,Indonesia,otro,True,adjudicado,"Datos de sukuk, sin muestra de inversores"
R161,Construction of Investor Profiles Based on Risk Tolerance Prediction,2024,10.1145/3675417.3675439,1,0,0,0,0,0,0,0,0,0,0,0,0,0,computacional_ML,mixta_no_especificada,NA,mixto_general,True,consenso,Construcción de perfiles de inversor por predicción de tolerancia al riesgo
R162,"Demystifying disposition effect: past, present and future",2024,10.1108/QRFM-07-2022-0114,0,0,0,0,1,0,0,0,0,0,0,0,0,0,revision,mixta_no_especificada,NA,mixto_general,False,consenso,Bibliometría y revisión de contenido sobre efecto disposición
R163,Method for Determining the Risk Profile of Investors based on the Relationship of two stock investing Problems,2024,10.26794/2587-5671-2024-28-4-136-143,1,0,0,0,0,0,0,0,0,0,0,0,0,0,computacional_ML,mixta_no_especificada,Rusia,acciones,True,consenso,Método matemático para determinar perfil de riesgo del inversor
R164,Demystifying Robo-Advisors: Benefits and Limitations,2024,10.1108/978-1-83753-608-520241020,1,0,0,0,0,0,0,0,0,0,0,0,0,0,revision,minoristas,NA,mixto_general,False,consenso,"Beneficios y límites de robo-advisors, incluye perfilado de riesgo"
R165,Enhancing Investment Decision-making: Leveraging Smart Machine Learning Models for Risk Profiling and Portfolio Allocation,2024,10.1109/icccnt61001.2024.10725082,1,0,0,0,0,0,0,0,0,0,0,0,0,0,computacional_ML,mixta_no_especificada,NA,mixto_general,True,adjudicado,Encuestados sin especificar tipo de inversor
R166,Additive Determination of an Investor’s Risk Tolerance in Asset Allocation,2024,,1,0,0,0,0,0,0,0,0,0,0,0,0,0,teorico_conceptual,mixta_no_especificada,India,mixto_general,True,adjudicado,Marco sin datos empiricos; propone puntaje de perfil de riesgo
R167,The Influence of COVID-19 and Subsequent Events on the Decision-Making of Retail Investors in Kingdom of Bahrain: A Behavioral Finance Analysis,2024,10.1007/978-3-031-54379-1_3,0,0,0,0,0,0,0,0,0,0,0,0,0,0,datos_transaccionales,minoristas,Bahrein,mixto_general,False,consenso,Sesgos genéricos no especificados; datos de precios y eventos
R168,Biases in Capital Market Instrument Investing Decisions: A Study from India,2024,,0,0,0,0,1,1,0,0,0,0,0,0,0,0,encuesta,minoristas,India,mixto_general,False,consenso,"Representatividad, anclaje y aversión a la pérdida"
R169,"Impact of gender, age, and education on investors’ behavior: An empirical study of Delhi-NCR",2024,10.1007/s13198-024-02534-1,0,0,1,0,1,1,0,0,0,0,0,1,0,0,encuesta,minoristas,India,acciones,False,adjudicado,Muestra de inversores bursatiles minoristas
R170,Psychological biases and contextual factors as the determinants of financial satisfaction: an evidence-based study on individual investment decisions,2024,10.1504/GBER.2024.139314,0,0,1,0,1,1,1,0,0,0,0,0,0,0,encuesta,minoristas,NA,mixto_general,False,consenso,Sesgos psicológicos y satisfacción financiera
R171,Hidden Consequences of Consumer Protection on the Financial Market: Regulation-introduced Bias,2024,10.18267/j.pep.862,1,0,0,0,0,0,0,0,0,0,0,0,0,0,encuesta,estudiantes,NA,mixto_general,False,consenso,Regulación de protección al consumidor y percepción del riesgo
R172,"PERSONALITY, FINANCIAL LITERACY, AND FINANCIAL ADVICE-SEEKING IN THE MIDST OF A PANDEMIC",2024,,1,1,0,0,1,0,0,0,0,0,0,0,0,0,encuesta,minoristas,Vietnam,acciones,False,adjudicado,Arrepentimiento incluido; experiencia solo criterio muestral
R173,Behavioral Finance in Psycho-Social Approaches: A Literature Review,2024,10.1007/978-3-031-53998-5_27,0,0,0,0,0,0,1,0,0,0,1,0,0,0,revision,mixta_no_especificada,NA,mixto_general,False,consenso,Revisión de enfoques psico-sociales en finanzas conductuales
R174,The Influence of Emotions and Social Value Orientation on Risk Tolerance and Sustainable Investment Choices,2024,,1,0,0,0,0,0,1,0,0,0,1,0,0,0,encuesta,minoristas,India,fondos,False,adjudicado,Orientacion de valor social es constructo de valores: D11
R175,Robo Advisors Revolution: Transforming Landscape of Mutual Fund Investments,2024,10.1109/sibf63788.2024.10883828,0,1,1,0,1,0,0,0,0,0,0,0,0,0,mixto,minoristas,Estados Unidos,fondos,False,adjudicado,Examina sesgos y efecto sobre alfabetizacion financiera
R176,"Evaluating robo-advisors through behavioral finance: a critical review of technology potential, rationality, and investor expectations",2024,10.3389/frbhe.2024.1489159,0,1,0,0,0,0,0,0,0,0,0,0,0,0,revision,minoristas,NA,mixto_general,False,adjudicado,"Tolerancia al riesgo solo termino de busqueda, no analizada"
R177,Conceptual Framework: Understanding the Influence of Monetary and Fiscal Policies on Investor Behavior in China’s Renewable Energy Sector,2024,10.1007/978-3-031-51997-0_8,1,0,0,0,0,0,0,0,0,0,0,1,0,0,teorico_conceptual,mixta_no_especificada,China,mixto_general,False,adjudicado,"Sector renovable amplio, no solo acciones"
R178,The Impact of Media News on Investors' Decision-Making According to their Degree of Risk-Taking,2024,,1,0,0,0,0,0,0,0,0,0,0,0,0,1,encuesta,minoristas,Iran,acciones,False,consenso,Noticias de medios y tolerancia al riesgo en estilos de decisión
R179,Analysis of factors affecting investors’ decision towards cryptocurrency investments in Saudia Arabia: A moderating role of fear of missing out (FOMO) on decision-making,2024,10.24294/jipd.v8i9.6419,1,0,0,0,0,0,1,0,0,0,0,1,0,0,mixto,minoristas,Arabia Saudita,cripto,False,consenso,"FOMO, riesgo percibido e influencia social en cripto"
R180,Loss Aversion Robust Optimization Model Under Distribution and Mean Return Ambiguity,2023,10.1109/TCSS.2022.3195816,0,0,0,0,1,0,0,0,0,1,0,0,0,0,teorico_conceptual,mixta_no_especificada,NA,mixto_general,False,adjudicado,Cartera generica de activos riesgosos
R181,Relative Growth Rate Optimization Under Behavioral Criterion,2023,10.1137/22m1496943,1,0,0,0,1,0,0,0,0,0,0,0,0,0,teorico_conceptual,mixta_no_especificada,NA,mixto_general,False,consenso,Optimización de crecimiento bajo criterio conductual (prospect theory)
R182,Optimal investment problem under behavioral setting: A Lagrange duality perspective,2023,10.1016/j.jedc.2023.104751,0,0,0,0,1,0,0,0,0,0,0,0,0,0,teorico_conceptual,mixta_no_especificada,NA,mixto_general,False,consenso,Inversión óptima con teoría prospectiva acumulativa
R183,Biased risk perceptions: Evidence from the laboratory and financial markets,2023,10.1016/j.jbankfin.2022.106685,1,0,0,0,0,0,0,0,0,0,0,0,0,0,mixto,mixta_no_especificada,NA,mixto_general,False,consenso,Sesgo neurobiológico en percepción de volatilidad
R184,Driving Millennials To Be Investors: The Case Of Investment Decision Performance In Indonesian Capital Market,2023,10.47750/QAS/24.196.22,1,1,0,0,0,0,0,0,0,0,0,0,0,0,encuesta,minoristas,Indonesia,mixto_general,False,consenso,"Tolerancia al riesgo, alfabetización y desempeño en millennials"
R185,Influence of bull and bear market phase on financial risk tolerance of urban individual investors in an emerging economy,2023,10.1108/RBF-05-2021-0087,1,0,0,0,0,0,0,1,0,0,0,0,0,0,encuesta,minoristas,India,acciones,False,consenso,"Fases de mercado, edad y experiencia laboral sobre tolerancia al riesgo"
R186,Behavioral biases of investors in the cryptocurrency market,2023,10.1063/5.0154194,1,0,0,0,0,1,0,0,0,0,0,1,0,0,encuesta,minoristas,NA,cripto,False,consenso,Heurísticas y herding mediados por tolerancia al riesgo en cripto
R187,Examining the Effect of Fear on Investment Decisions and Interpreting It with Psychological Factors: A Research on Türkiye | Korkunun Yatırım Kararları Üzerindeki Etkisinin İncelenmesi ve Psikolojik Faktörler ile Yorumlanması: Türkiye Üzerine Bir Araştırma,2023,,0,0,0,0,1,1,1,0,0,1,0,1,0,0,datos_transaccionales,mixta_no_especificada,Turquia,mixto_general,False,consenso,Índice de miedo financiero y sesgos emocionales/cognitivos
R188,Impact of Availability and Loss Aversion Bias on Investment Decision Making of Individual Investors in Tamil Nadu,2023,,0,0,0,0,1,1,0,0,0,0,0,0,0,0,encuesta,minoristas,India,mixto_general,False,consenso,Disponibilidad y aversión a la pérdida en decisiones de inversión
R189,Exploring the Gaussian investor sentiment process,2023,10.1016/j.bir.2022.11.012,0,0,0,0,1,1,1,0,0,0,0,0,0,0,datos_transaccionales,mixta_no_especificada,Turquía,acciones,False,adjudicado,Estudio de eventos con retornos bursatiles reales
R190,Effects of Investment Experience on the Stock Investment Task: The Mediating Role of Risk Perception,2023,10.3390/bs13020115,1,0,0,0,0,0,0,0,1,0,0,0,0,0,experimento,estudiantes,China,acciones,False,consenso,Experiencia de inversión y percepción de riesgo en tarea simulada
R191,Risk Preference Elicitation and Financial Advice Taking,2023,10.1080/15427560.2021.1974444,1,0,0,0,0,0,0,0,0,0,0,0,0,0,experimento,mixta_no_especificada,NA,mixto_general,False,adjudicado,Participantes no descritos como minoristas
R192,Perception on Investing in Stocks with ESG Relevance: A Descriptive View on Influence of Key Demographic Variables and Risk Profiling of Investors,2023,10.4108/ew.4270,1,0,0,0,0,0,0,0,0,0,0,0,0,0,encuesta,minoristas,India,acciones,False,consenso,Demografía y perfil de riesgo en percepción de acciones ESG
R193,Behavioral finance factors and investment decisions: A mediating role of risk perception,2023,10.1080/23322039.2023.2239032,1,0,1,0,1,0,0,0,0,0,0,1,0,0,encuesta,minoristas,Arabia Saudita,acciones,False,consenso,Factores conductuales y decisiones mediadas por riesgo percibido
R194,The Behavioural Pattern of Investment in the Financial Market: A Study of the Individual Investors,2023,10.1177/09721509231192229,1,0,1,0,0,1,0,0,0,0,0,0,0,0,encuesta,minoristas,India,mixto_general,False,adjudicado,Sesgo cognitivo medido como determinante significativo
R195,Does Cognitive Bias and Risk Perception Impact Investment Decision? Women Investors’ Perspective,2023,10.1007/978-3-031-43300-9_31,1,0,0,0,0,1,0,0,0,0,0,0,0,0,encuesta,minoristas,NA,mixto_general,False,consenso,Sesgo cognitivo y percepción de riesgo en inversoras mujeres
R196,The Factors Influencing Investor’s Decision towards Invest in Equity Shares in Tumkur District,2023,,1,1,0,0,0,0,0,0,1,0,0,0,0,0,mixto,minoristas,India,acciones,False,consenso,"Alfabetización, experiencia y tolerancia al riesgo en Tumkur"
R197,Behavioral biases affecting investment decisions of capital market investors in Bangladesh: A behavioral finance approach,2023,10.21511/imfi.20(2).2023.13,0,0,1,0,1,1,0,0,0,0,0,1,0,0,encuesta,minoristas,Bangladesh,acciones,False,consenso,"Nueve sesgos vía factor analysis, DSE"
R198,Risk tolerance as mediating factor in individual financial investment decisions: a developing-country study,2023,10.1080/03796205.2023.2218053,1,1,1,0,0,0,0,0,0,0,0,0,0,0,encuesta,minoristas,NA,mixto_general,False,adjudicado,Decisiones de inversion individuales; pais no identificado
R199,The Analysis Level of Optimism that Influence Investor’s Risk Tolerance in Asset Allocation | Analisis Tahap Optimisme yang Mempengaruhi Toleransi Risiko Pelabur dalam Peruntukan Saham,2023,,1,0,0,0,0,0,0,0,0,0,0,0,0,0,computacional_ML,mixta_no_especificada,Malasia,acciones,True,adjudicado,"Modelo difuso con tipos de inversor teoricos, sin muestra"
R200,"Investigating the Antecedents of Investment Intention and the Mediating Effect of Investment Self-efficacy among Young Adults in Shandong, China",2023,10.17549/gbfr.2023.28.2.1,1,1,0,1,0,0,0,0,0,0,0,1,0,0,encuesta,mixta_no_especificada,China,mixto_general,False,consenso,"Autoeficacia como mediador, jóvenes"
R201,Demography of Investors and Behavioral Biases - An Empirical Study,2023,,0,0,1,0,1,1,0,0,0,0,0,1,0,0,encuesta,minoristas,India,mixto_general,False,consenso,Sesgos vs. variables demográficas
R202,Harnessing Behavioral Traits to Enhance Financial Stock Recommender Systems: Tackling the User Cold Start Problem,2023,10.1109/bigdata59044.2023.10386644,1,0,0,0,0,0,0,0,1,0,0,0,0,0,computacional_ML,minoristas,Japón,acciones,False,adjudicado,Aporte central es el modelo de recomendacion IRAD
R203,Financial Literacy and Heuristic Driven Biases: The Role of Risk Perception,2023,10.1561/105.00000177,1,1,1,0,0,1,0,0,0,0,0,0,0,0,encuesta,minoristas,India,mixto_general,False,consenso,Percepción de riesgo media literacidad-sesgos
R204,AN EMPIRICAL INVESTIGATION ON INVESTOR PSYCHOLOGICAL BIASES,2023,10.22495/cbsrv4i2art1,0,0,1,0,1,1,0,0,0,0,0,0,0,0,encuesta,minoristas,Jordania,acciones,False,consenso,"Seis sesgos, Amman Stock Exchange"
R205,Disposition Effect: Brazilian Investors' Behavior during the Covid-19 Pandemic,2023,10.15728/bbr.2023.20.1.1.en,0,0,0,0,1,0,0,0,0,0,0,0,0,0,datos_transaccionales,minoristas,Brasil,acciones,False,consenso,"Efecto disposición, pandemia, método Odean"
R206,Predicting the financial behavior of Indian salaried-class individuals,2023,10.21511/imfi.20(1).2023.03,0,0,0,1,0,1,0,0,0,0,0,1,0,0,encuesta,minoristas,India,mixto_general,False,adjudicado,Inversores asalariados individuales: minoristas
R207,Investor Behavior during Periods of Crises: The Chinese Funds Market during the 2020 Pandemic,2023,,1,0,1,0,1,1,0,0,0,0,0,1,0,0,encuesta,minoristas,China,fondos,False,consenso,"Aversión al riesgo, heurísticas, herding en pandemia"
R208,Is the investor's reliance on cognition and emotional regulation predict preference for selecting value versus growth stocks?,2023,10.1080/1351847X.2022.2086478,0,0,0,0,0,0,1,0,0,0,0,0,0,0,encuesta,mixta_no_especificada,NA,acciones,False,adjudicado,Individuos sin especificacion de perfil minorista
R209,Big Five Personality Traits and Financial Literacy: Effect on Risk Tolerance of Filipino Investors from Higher Education Institutions in Metro Manila,2023,,1,1,0,0,0,0,0,0,0,0,0,0,0,0,encuesta,mixta_no_especificada,Filipinas,mixto_general,False,consenso,Big Five y literacidad sobre tolerancia al riesgo
R210,Measuring the gap between elicited and revealed risk for investors: An empirical study,2022,10.1002/cfp2.1151,1,0,0,0,0,0,0,0,0,0,0,0,0,0,datos_transaccionales,minoristas,Canadá,mixto_general,False,consenso,Brecha entre riesgo elicitado y revelado (VaR)
R211,Unsupervised machine learning to reveal South African risk behaviour archetypes in the domain of discretionary investment decisions,2022,10.1016/j.jbef.2022.100757,1,0,0,0,1,0,0,0,0,0,0,0,0,0,computacional_ML,minoristas,Sudáfrica,mixto_general,True,consenso,Clustering revela arquetipos de riesgo
R212,The Influence of Social and Personal Factors in Individual Investment Decision Making,2022,10.47750/QAS/23.191.10,1,1,0,0,0,0,0,0,0,0,0,1,0,0,encuesta,mixta_no_especificada,NA,mixto_general,False,adjudicado,Riesgo de poligamia tratado explicitamente como factor social
R213,Behavioural Bias: Does it Affect an Investor's Rationality?,2022,,0,0,0,0,1,1,0,0,0,0,0,0,0,0,encuesta,minoristas,India,acciones,False,consenso,"Loss aversion, status quo, optimismo; género moderador"
R214,A Multimodal Affective Sensing Model for Constructing a Personality-Based Financial Advisor System,2022,10.3390/app121910066,1,0,0,0,0,0,0,0,0,0,0,0,0,0,computacional_ML,mixta_no_especificada,NA,mixto_general,False,consenso,Sistema multimodal de personalidad y riesgo
R215,Does the Adaptive Market Hypothesis Reconcile the Behavioral Finance and the Efficient Market Hypothesis?,2022,10.3390/risks10090168,0,0,0,0,1,0,0,0,0,0,0,0,0,0,datos_transaccionales,mixta_no_especificada,Estados Unidos,acciones,False,consenso,"Comportamiento miope/aversión a pérdida, NYSE"
R216,"Disposition bias among Borsa Istanbul investors: What do we know about type, size and trading frequency?",2022,10.1016/j.jbef.2022.100682,0,0,0,0,1,0,0,0,0,0,0,0,0,0,datos_transaccionales,mixta_no_especificada,Turquía,acciones,False,consenso,"Disposition effect por tipo, tamaño, frecuencia"
R217,Do Investor Overconfidence and Loss Aversion Drive Saudi Firm Market Performance? The Moderating Effect of Corporate Governance,2022,10.3390/su141610072,0,0,1,0,1,0,0,0,0,0,0,0,0,0,datos_transaccionales,mixta_no_especificada,Arabia Saudita,acciones,False,consenso,Overconfidence/loss aversion y valor de firma
R218,Behavioural biases affecting investors’ decision-making process: a scale development approach,2022,10.1108/MRR-02-2021-0139,0,0,1,0,1,1,0,0,0,0,0,1,0,0,mixto,minoristas,India,acciones,False,consenso,Desarrollo de escala de sesgos conductuales
R219,Do sociodemographic factors have influence on risk tolerance level of stock market investors? An analysis from a developing country perspective,2022,10.1108/SAJBS-11-2019-0193,1,0,0,0,0,0,0,0,0,0,0,0,0,0,encuesta,minoristas,Bangladesh,acciones,False,consenso,Factores sociodemográficos y beta de portafolio
R220,Examining Risk Absorption Capacity as a Mediating Factor in the Relationship between Cognition and Neuroplasticity in Investors in Investment Decision Making,2022,10.3390/ijfs10010021,1,0,0,0,0,0,0,0,0,0,0,0,0,0,encuesta,minoristas,India,acciones,False,adjudicado,Foco explicito en participacion en mercado accionario
R221,Overconfidence heuristic-driven bias in investment decision-making and performance: mediating effects of risk perception and moderating effects of financial literacy,2022,10.1108/JEAS-07-2020-0116,1,1,1,0,0,0,0,0,0,0,0,0,0,0,encuesta,minoristas,Pakistán,acciones,False,consenso,"Overconfidence, percepción de riesgo, literacidad"
R222,What makes risk-averse investors tick? A practitioners guide,2022,10.1080/23322039.2022.2111786,1,0,0,0,0,0,0,0,0,0,0,0,0,0,encuesta,minoristas,Sudáfrica,mixto_general,True,consenso,Modelo SEM para perfilar inversionistas averso al riesgo
R223,History matters: How short-term price charts hurt investment performance,2022,10.1016/j.jbankfin.2021.106351,1,0,0,0,0,1,0,0,0,0,0,0,0,0,experimento,minoristas,NA,mixto_general,False,adjudicado,Marco temporal del grafico es manipulacion de encuadre
R224,Discriminants of risk tolerance among Indian investors: a dichotomous discriminant approach,2023,10.1504/IJMFA.2023.127528,1,0,0,0,0,0,0,0,0,0,0,0,0,0,encuesta,minoristas,India,mixto_general,True,adjudicado,Analisis discriminante clasifica inversores por tolerancia al riesgo
R225,Stock Market Investment Behavior Based on Behavioral Finance Based on Data Fusion Algorithm,2022,10.1080/03772063.2021.2016507,0,0,0,0,0,1,0,0,0,0,0,0,0,0,mixto,minoristas,NA,acciones,False,adjudicado,Cuestionarios mas algoritmo de fusion: diseno mixto
R226,Behavioral Heterogeneity in the Stock Market Revisited: What Factors Drive Investors as Fundamentalists or Chartists?,2022,10.1080/15427560.2020.1841767,0,0,0,0,0,0,0,1,0,0,0,0,0,0,datos_transaccionales,mixta_no_especificada,NA,acciones,False,adjudicado,"Usa tipologia previa fundamentalista/chartista, no la propone"
R227,Artificial intelligence in financial services: a qualitative research to discover robo-advisory services,2021,10.1108/QRFM-10-2020-0199,0,0,0,0,0,0,1,0,0,0,0,0,0,1,mixto,minoristas,India,acciones,False,adjudicado,Emociones y sentimientos surgen como tema central del analisis
R228,Examining drivers and deterrents of individuals’ investment intentions: a qualitative multistage analysis,2021,10.1108/QRFM-07-2020-0135,0,1,0,1,0,0,0,0,1,0,0,1,0,0,mixto,minoristas,India,acciones,True,adjudicado,"Autoeficacia, literacidad operativa, experiencia propia y de pares"
R229,Why retail investors traded equity during the pandemic? An application of artificial neural networks to examine behavioral biases,2021,10.1002/mar.21550,0,0,1,0,1,1,0,0,0,0,0,1,0,0,mixto,minoristas,Finlandia,acciones,False,consenso,"ANN sobre ocho sesgos, millennials, pandemia"
R230,Cognitive biases on the iran stock exchange: Unsupervised learning approach to examining feature bundles in investors’ portfolios,2021,10.3390/app112210916,0,0,1,0,1,1,0,0,1,0,0,1,0,0,computacional_ML,minoristas,Irán,acciones,True,adjudicado,Dunning-Kruger=sobreconfianza y bandwagon=manada; cuatro perfiles
R231,Experimental evidences for prospect theory in Vietnam,2021,10.17010/ijf/2021/v15i5-7/164491,0,0,1,0,1,1,0,0,0,0,0,0,0,0,experimento,mixta_no_especificada,Vietnam,mixto_general,False,adjudicado,Correlación con sobreconfianza examinada explícitamente
R232,Are mutual fund investors loss averse? Evidence from China,2021,10.1111/fire.12252,0,0,0,0,1,0,0,0,1,0,0,0,0,0,datos_transaccionales,minoristas,China,fondos,False,consenso,"Loss aversion en fondos mutuos, análisis de supervivencia"
R233,Framing effects of information on investment risk perception,2021,10.1590/1808-057x202111290,1,0,0,0,0,1,0,0,0,0,0,0,0,0,experimento,mixta_no_especificada,NA,fondos,False,consenso,Framing de rendimiento pasado y percepción de riesgo
R234,The Compounding Effect of Investors’ Cognition and Risk Absorption Potential on Enhancing the Level of Interest towards Investment in the Domestic Capital Market,2021,10.3390/jrfm14030095,1,0,0,0,0,0,0,0,0,0,0,0,0,0,encuesta,minoristas,India,mixto_general,False,consenso,Cognición y absorción de riesgo sobre interés inversor
R235,Robo-advising risk profiling through content analysis for sustainable development in the Hong Kong financial market,2021,10.3390/su13031306,1,0,0,0,0,0,0,0,0,0,0,0,0,0,mixto,mixta_no_especificada,Hong Kong,mixto_general,True,consenso,Análisis de contenido para perfilar riesgo en robo-advising
R236,Know Your Clients’ Behaviours: A Cluster Analysis of Financial Transactions,2021,10.3390/jrfm14020050,1,0,0,0,0,0,0,0,0,0,0,0,0,0,computacional_ML,minoristas,Canadá,mixto_general,True,consenso,Clustering de comportamiento transaccional (KYC/RFM)
R237,Risk Tolerance Profiling Measure: Testing Its Reliability and Validities,2021,10.1891/JFCP-19-00033,1,0,0,0,0,0,1,0,0,0,0,0,0,0,encuesta,minoristas,NA,mixto_general,False,adjudicado,"Valida escala, no tipología; predice ansiedad tras pérdida"
R238,What explains the investment decision-making behaviour? The role of financial literacy and financial risk tolerance,2021,10.1504/aajfa.2021.111814,1,1,0,0,0,0,0,0,0,0,0,0,0,0,encuesta,minoristas,Pakistán,acciones,False,consenso,Literacidad financiera y tolerancia al riesgo mediadora
R239,Behavioral Biases on Investment Decision: A Case Study in Indonesia,2021,10.13106/jafeb.2021.vol8.no3.1231,0,0,1,0,1,1,0,0,0,0,0,1,0,0,encuesta,minoristas,Indonesia,mixto_general,False,adjudicado,Resumen no especifica clase de activo
R240,The Impact of the Behavioral Factors on Investment Decision-Making: A Systemic Review on Financial Institutions,2021,10.1007/978-3-030-58669-0_9,0,0,1,0,1,1,0,0,0,0,0,1,0,0,revision,mixta_no_especificada,NA,mixto_general,False,consenso,Revisión sistemática de 29 estudios 2010-2020
R241,Market discipline in the behavioral finance perspective: a case of Sharia mutual funds in Indonesia,2022,10.1108/JIABR-06-2020-0194,1,1,0,0,0,0,0,0,0,0,0,1,0,0,encuesta,minoristas,Indonesia,fondos,False,adjudicado,Normas subjetivas del TPB equivalen a influencia social
R242,Reference Prices and Turnover: Evidence from Small-Capitalization Stocks,2021,10.3390/jrfm14010029,0,0,0,0,1,1,0,0,0,0,0,0,0,0,datos_transaccionales,mixta_no_especificada,India,acciones,False,adjudicado,Datos de panel firma-nivel; inversores no especificados
R243,The behavior of the various personalities of secondary equity investors: Big five personality model,2021,10.3905/jwm.2021.1.128,0,0,1,0,1,1,0,0,0,0,0,0,0,0,encuesta,minoristas,India,acciones,True,adjudicado,Sobreconfianza medida explícitamente; perfiles de personalidad
R244,Determination of Individual Investors' Financial Risk Tolerance by Machine Learning Methods | Bireysel Yatirimci Finansal Risk Toleransinin Makine Ogrenmesi Yontemleriyle Belirlenmesi,2020,,1,0,0,0,0,0,0,0,0,0,0,0,0,0,computacional_ML,mixta_no_especificada,Turquía,mixto_general,True,adjudicado,Muestra de estudiantes y personal; clasificación en tres perfiles
R245,"Loss aversion, overconfidence and their effects on a virtual stock exchange",2020,10.1016/j.physa.2019.123909,0,0,1,0,1,0,0,0,0,0,0,0,0,0,computacional_ML,mixta_no_especificada,NA,acciones,False,consenso,"Bolsa artificial, agentes con overconfidence y loss aversion"
R246,Risk-intolerant but risk-taking-towards a better understanding of inconsistent survey responses of the Euro area households,2020,10.3390/su12176912,1,0,0,0,0,0,0,0,0,0,0,0,0,0,encuesta,minoristas,Zona Euro (16 países),mixto_general,True,adjudicado,Taxonomía jerárquica de perfiles de hogares inconsistentes
R247,Evaluation of behavioral biases affecting investment decision making of individual equity investors by fuzzy analytic hierarchy process,2020,10.1108/RBF-03-2019-0044,0,0,1,0,1,1,0,0,0,0,0,1,0,0,encuesta,minoristas,India,acciones,False,adjudicado,Encuesta con AHP difuso como técnica de análisis
R248,An investigation of financial investment intention using covariance-based structural equation modelling,2020,10.17549/gbfr.2020.25.2.37,1,1,0,0,0,0,0,0,0,0,0,1,0,1,encuesta,minoristas,NA,mixto_general,False,consenso,SEM sobre percepción de riesgo e intención de inversión
R249,Impact of behavioral biases on investment decisions: A study on selected risk averse investors in india,2020,,0,0,0,0,0,1,0,0,0,0,0,0,0,0,encuesta,minoristas,India,mixto_general,False,consenso,Sesgos conductuales en inversores adversos al riesgo
R250,"Do as i say, not as i do: An analysis of portfolio development recommendations made by financial advisors",2020,10.3905/jwm.2019.1.089,1,0,0,0,0,0,0,1,0,0,0,0,0,0,encuesta,profesionales_asesores,NA,mixto_general,False,consenso,Encuesta a asesores sobre inputs de perfilamiento de riesgo
R251,Role of emotional bias on investment decision from behavioural finance perspective,2020,,0,0,1,0,1,1,1,0,0,0,0,0,0,0,revision,mixta_no_especificada,India,mixto_general,False,adjudicado,Revisión sin población empírica especificada
R252,Loss aversion in an agent-based asset pricing model,2020,10.1080/14697688.2019.1655784,0,0,0,0,1,0,0,0,0,0,0,0,0,0,computacional_ML,mixta_no_especificada,NA,mixto_general,False,consenso,Modelo basado en agentes con aversión a la pérdida
R253,Preference-based evolutionary multi-objective optimization for portfolio selection: a new credibilistic model under investor preferences,2020,10.1007/s10898-019-00782-1,0,0,0,0,1,0,0,0,0,0,0,0,0,0,computacional_ML,mixta_no_especificada,España,acciones,True,consenso,Perfiles conservador/cauteloso/agresivo según aversión a pérdida
R254,What makes an investment risky? An analysis of price path characteristics,2020,10.1016/j.jebo.2019.11.002,1,0,0,0,0,0,0,0,0,0,0,0,0,0,experimento,mixta_no_especificada,NA,mixto_general,False,adjudicado,"Individuos con interés financiero, no minoristas confirmados"
R255,Predicting a Model for the Financial Risk Tolerance of Retail Investors of Durgapur City on Their Demographic Factors Using Multiple Discriminant Analysis,2020,10.1007/978-981-13-9282-5_65,1,0,0,0,0,0,0,0,0,0,0,0,0,0,encuesta,minoristas,India,mixto_general,True,adjudicado,Modelo discriminante clasifica inversores por tolerancia al riesgo
R256,"Affective portfolio analysis: Risk, ambiguity and (IR)rationality",2020,10.2139/ssrn.3458976,1,0,0,0,0,0,0,0,0,1,0,0,0,0,teorico_conceptual,mixta_no_especificada,NA,mixto_general,False,consenso,Marco teórico de utilidad (IR)racional con ambigüedad
R257,The efficient frontuzzle: What investment risk profiling still fails to solve,2019,10.3905/joi.2019.1.098,1,0,0,0,0,0,0,1,0,0,0,0,0,0,encuesta,profesionales_asesores,NA,mixto_general,False,adjudicado,Escenarios idénticos sin manipulación; regla 100-menos-edad
R258,How much is behavioral advice worth?,2019,10.3905/jwm.2019.1.077,0,0,0,0,1,1,0,0,0,0,0,0,0,0,teorico_conceptual,mixta_no_especificada,NA,mixto_general,False,consenso,Estudio de caso cuantificando errores conductuales
R259,Personality traits and investor profile analysis: A behavioral finance study,2019,10.1371/journal.pone.0214062,1,0,0,0,1,0,0,0,0,0,0,0,0,0,experimento,mixta_no_especificada,NA,mixto_general,True,adjudicado,Compara y valida paradigmas de perfil de riesgo del inversor
R260,Applying Utility Theory to Improve Performance of Fuzzy Decision Support Systems for Personal Financial Planning,2019,10.1109/i2ct45611.2019.9033953,1,0,0,0,0,0,0,0,0,0,0,0,0,0,computacional_ML,mixta_no_especificada,NA,mixto_general,True,consenso,Sistemas difusos con perfiles de tolerancia al riesgo
R261,Scoring models for roboadvisory platforms: A network approach,2019,10.21314/JNTF.2019.053,1,0,0,0,0,0,0,0,0,0,0,0,0,0,computacional_ML,minoristas,NA,mixto_general,True,consenso,Clusters de perfiles de riesgo para roboadvisors
R262,What are investors afraid of? Finding the big bad wolf,2019,10.3390/ijfs7030042,1,0,0,0,1,0,0,0,0,0,0,0,0,0,mixto,minoristas,NA,mixto_general,True,consenso,Clustering conductual de segmentos de inversionistas
R263,Impact of behavioral finance on stock investment decisions applied study on a sample of investors at Amman Stock Exchange,2019,,1,0,1,0,1,0,0,0,0,0,0,1,0,0,encuesta,minoristas,Jordania,acciones,False,consenso,Impacto de sesgos en decisiones en la Bolsa de Ammán
R264,Study of traits of individual investors to determine their investment pattern,2019,,1,0,0,0,0,0,0,0,0,0,0,0,0,0,encuesta,minoristas,India,mixto_general,False,adjudicado,Hallazgos sobre patrón general de inversión y ahorro
R265,The EGARCH effect test of chinese stock market from the perspective of behavioral finance,2019,10.1007/978-3-030-02804-6_131,0,0,0,0,1,0,0,0,0,0,0,1,0,0,datos_transaccionales,minoristas,China,acciones,False,consenso,Modelo EGARCH e interpretación desde teoría prospectiva
R266,Investment portfolio optimization on russian stock market in context of behavioral theory,2019,10.26794/2587-5671-2019-23-4-99-116,0,0,0,0,1,0,0,0,0,0,0,0,0,0,computacional_ML,mixta_no_especificada,Rusia,acciones,False,consenso,Optimización de portafolio con teoría conductual
R267,Factors explaining the market discipline of sharia mutual funds from a behavioural finance perspective: A theoretical approach,2019,10.35808/ijeba/319,1,1,0,0,0,0,0,0,0,0,0,0,0,0,teorico_conceptual,mixta_no_especificada,NA,fondos,False,consenso,Propuestas teóricas sobre disciplina de mercado en fondos sharia
R268,Influence of investor sentiment and its antecedent on investment decision-making using partial least square technique,2020,10.1108/MRR-06-2019-0254,0,0,0,0,0,0,1,0,0,0,0,1,0,1,encuesta,minoristas,India,acciones,False,consenso,PLS-SEM sobre sentimiento del inversionista y sus antecedentes
R269,Consumer Investment Behaviour: A Systematic Review Using TCM and ADO Frameworks,2025,10.1111/ijcs.70110,1,0,0,0,1,1,0,0,0,0,0,0,0,1,revision,minoristas,NA,mixto_general,False,adjudicado,"Antecedentes: teoría prospectiva, sesgos, riesgo, plataformas digitales"
R270,Regret aversion in Japanese and US stock markets: Analyzing the effects of market conditions,2025,10.1016/j.japwor.2025.101311,0,0,0,0,1,0,0,0,0,0,0,0,0,0,datos_transaccionales,mixta_no_especificada,Japón y Estados Unidos,acciones,False,consenso,Aversión al arrepentimiento y retornos accionarios
R271,The Effect of Investment Literacy on the Likelihood of Retail Investor Margin Trading and Having a Margin Call,2022,10.1016/j.frl.2021.102146,1,1,1,0,0,0,0,0,0,0,0,0,0,0,encuesta,minoristas,Estados Unidos,mixto_general,False,adjudicado,"Compra de valores en margen, sin clase de activo específica"
R272,A model for female South African investors' financial risk tolerance,2020,10.1080/23322039.2020.1794493,1,0,0,0,0,0,0,0,0,0,0,0,0,0,encuesta,minoristas,Sudáfrica,mixto_general,True,adjudicado,Modelo SEM para perfilar inversoras según rasgos y riesgo
R273,The importance of staying positive: The impact of emotions on attitude to risk,2023,10.1002/ijfe.2591,1,0,0,0,0,0,1,0,0,0,0,0,0,0,encuesta,minoristas,Reino Unido,mixto_general,False,consenso,Emociones y actitud frente al riesgo financiero
R274,Interconnectedness of Emotions With Investment Decision-Making: A Conceptual Framework,2026,10.1111/joes.12706,1,0,0,0,0,0,1,0,0,0,0,0,0,0,revision,mixta_no_especificada,NA,mixto_general,False,adjudicado,Las emociones influyen en la valoración del riesgo
R275,Can cryptocurrencies improve portfolio diversification? Evidence from the prospect risk perspective,2025,10.1016/j.ribaf.2025.102828,0,0,0,0,1,0,0,0,0,0,0,0,0,0,datos_transaccionales,mixta_no_especificada,NA,cripto,False,adjudicado,Foco central en criptoactivos y riesgo prospectivo
R276,"Financial awareness, risk aversion and portfolio choice",2025,10.1080/00036846.2024.2356896,1,1,0,0,0,0,0,0,0,0,0,0,0,0,encuesta,minoristas,India,mixto_general,False,consenso,Encuesta SEBI sobre conciencia financiera y aversión al riesgo
R277,Multi-period portfolio optimization based on credibilistic lower and upper VaR ratios,2023,10.3233/JIFS-224517,1,0,0,0,0,0,0,0,0,0,0,0,0,0,computacional_ML,mixta_no_especificada,China,mixto_general,False,adjudicado,"Modelo de optimización, no tipología empírica de inversores"
R278,Paralyzed by shock: the portfolio formation behavior of peer-to-business lending investors,2023,10.1007/s11846-022-00544-6,0,0,0,0,0,1,0,0,1,0,0,0,0,0,datos_transaccionales,minoristas,NA,otro,False,adjudicado,Default shock bias es sesgo cognitivo; experiencia analizada
R279,Investor attention and the use of leverage,2023,10.1111/fire.12337,0,0,0,0,0,0,0,0,0,0,0,0,0,1,datos_transaccionales,minoristas,NA,mixto_general,False,consenso,Atención del inversionista y uso de apalancamiento
R280,Relative Growth Rate Optimization Under Behavioral Criterion\textbackslash{}ast,2023,10.1137/22M1496943,1,0,0,0,1,0,0,0,0,0,0,0,0,0,teorico_conceptual,mixta_no_especificada,NA,mixto_general,False,consenso,"Optimización de portafolio con teoría prospectiva, control estocástico"
R281,Development and validation of behavioral biases scale: a SEM approach,2022,10.1108/RBF-05-2020-0087,0,0,0,0,0,1,1,0,0,0,0,0,0,0,encuesta,minoristas,India,mixto_general,False,consenso,Desarrollo y validación de escala de sesgos conductuales (SEM)
R282,Humanoid psychological sentiments and enigma of investment,2023,10.1108/JEAS-05-2021-0100,0,0,1,0,1,1,0,0,0,0,0,1,0,0,mixto,minoristas,Pakistán,acciones,False,adjudicado,Foco en inversores individuales de la PSX
R283,The Analysis Level of Optimism that Influence Investor's Risk Tolerance in Asset Allocation,2023,10.17576/jsm-2023-5210-20,1,0,0,0,0,0,0,0,0,0,0,0,0,0,computacional_ML,mixta_no_especificada,Malasia,acciones,True,consenso,Modelo difuso combinando tolerancia al riesgo y optimismo
R284,Overconfidence and Investment Loss Tolerance: A Large-Scale Survey Analysis of Japanese Investors,2025,10.3390/risks13080142,1,0,1,0,0,0,0,0,0,0,0,0,0,0,encuesta,minoristas,Japón,mixto_general,False,adjudicado,Alfabetización no examinada como dimensión propia
R285,The financial advice puzzle: The role of consumer heterogeneity in the advisor choice,2020,10.1016/j.jretconser.2019.102014,1,0,0,1,0,0,0,0,0,0,0,0,0,0,encuesta,minoristas,NA,mixto_general,True,consenso,Modelo de clases latentes segmenta consumidores de asesoría
R286,Stochastic portfolio optimization: A regret-based approach on volatility risk measures: An empirical evidence from The New York stock market,2024,10.1371/journal.pone.0299699,0,0,0,0,1,0,0,0,0,0,0,0,0,0,computacional_ML,mixta_no_especificada,Estados Unidos,acciones,False,consenso,Optimización estocástica de portafolio basada en arrepentimiento
R287,Early-Life Famine Experience and Households' Diversity of Financial Asset Portfolio: Evidence From China,2025,10.1111/ssqu.13493,1,1,0,0,0,0,0,0,0,0,0,0,0,0,encuesta,minoristas,China,mixto_general,False,consenso,"Experiencia de hambruna, aversión al riesgo y diversificación"
R288,Investor Regret and Stock Returns,2024,10.1287/mnsc.2022.03389,0,0,0,0,1,0,0,0,0,0,0,0,0,0,datos_transaccionales,minoristas,Estados Unidos,acciones,False,consenso,Índice de arrepentimiento y retornos accionarios
R289,RISK PERCEPTION UNDER UNCERTAINTY: A BEHAVIORAL ANALYSIS OF SAFE-HAVEN ASSET RETURN RESPONSES,2026,10.30784/epfad.1934878,1,0,0,0,1,0,0,0,0,1,0,0,0,0,datos_transaccionales,mixta_no_especificada,NA,otro,False,consenso,Respuestas conductuales de activos refugio ante incertidumbre
R290,A multi-period fuzzy portfolio optimization model with investors' loss aversion,2023,10.1007/s00500-023-09030-x,0,0,0,0,1,0,0,0,0,0,0,0,0,0,computacional_ML,mixta_no_especificada,NA,mixto_general,False,consenso,Portafolio difuso multiperiodo con aversión a la pérdida
R291,The Importance of Risk Preference Parameters in Prospect Theory: Evidence from Mutual Fund Flows,2025,10.1080/15427560.2024.2348558,0,0,0,0,1,0,0,0,0,0,0,0,0,0,datos_transaccionales,mixta_no_especificada,NA,fondos,False,consenso,Parámetros de teoría prospectiva en flujos de fondos mutuos
R292,Are women more risk averse in investments? Brazilian evidence,2024,10.1108/RBF-11-2023-0300,1,0,0,0,0,0,0,0,0,0,0,0,0,0,datos_transaccionales,minoristas,Brasil,mixto_general,False,consenso,Género y aversión al riesgo vía volatilidad de portafolio
R293,"Investor sentiment, credit rating, and stock returns",2022,10.1016/j.iref.2022.04.002,0,0,0,0,0,0,1,0,0,0,0,0,0,0,datos_transaccionales,minoristas,NA,acciones,False,adjudicado,Mide compras netas de inversores individuales
R294,How persistent are the effects of experience sampling on investor behavior?,2019,10.1016/j.jbankfin.2018.10.014,1,0,0,0,0,0,0,0,0,0,0,0,0,0,experimento,mixta_no_especificada,NA,mixto_general,False,consenso,Persistencia del muestreo de experiencia en toma de riesgo
R295,Unusual investor behavior under tacit and endogenous market signals,2021,10.1016/j.iref.2020.12.029,1,1,0,0,0,0,0,0,1,0,0,0,0,0,teorico_conceptual,mixta_no_especificada,NA,mixto_general,False,adjudicado,"Modela heterogeneidad, no propone tipología validada"
R296,Fuzzy portfolio selection with prospect consistency constraint based on possibility theory,2021,10.3233/JIFS-201457,0,0,0,0,1,0,0,0,0,0,0,0,0,0,teorico_conceptual,mixta_no_especificada,NA,mixto_general,False,consenso,modelo difuso basado en teoría prospectiva
R297,Does Your Personality Affect the Investment Risk You Take?,2022,10.53908/NMMR.300215,1,0,0,0,0,0,0,0,0,0,0,0,0,0,encuesta,minoristas,India,mixto_general,False,consenso,personalidad y perfil de riesgo
R298,Market-wide overconfidence and stock returns,2024,10.1002/fut.22462,0,0,1,0,0,0,0,0,0,0,0,0,0,0,datos_transaccionales,mixta_no_especificada,NA,acciones,False,consenso,medida de exceso de confianza a nivel de mercado
R299,Prospect theory and stock returns: Evidence from foreign share markets,2021,10.1016/j.pacfin.2021.101644,0,0,0,0,1,0,0,0,0,0,0,0,0,0,datos_transaccionales,minoristas,China,acciones,False,consenso,teoría prospectiva en mercado B-share
R300,What are the benefits of attracting gambling investors? Evidence from stock splits in China,2022,10.1016/j.jcorpfin.2022.102199,1,0,0,0,0,0,0,0,0,0,0,0,0,0,datos_transaccionales,mixta_no_especificada,China,acciones,False,adjudicado,El resumen no identifica a los inversores como minoristas
R301,Increasing return response to changes in risk,2019,10.1002/rfe.1032,1,0,0,0,0,0,0,0,0,0,0,0,0,0,datos_transaccionales,mixta_no_especificada,NA,mixto_general,False,consenso,respuesta de retorno ante cambios en riesgo
R302,A new behavioral finance mean variance framework,2023,10.1108/RBF-05-2021-0088,1,0,0,0,0,0,0,0,0,0,0,0,0,0,datos_transaccionales,mixta_no_especificada,NA,mixto_general,False,adjudicado,"Sentimiento agregado de mercado, no emoción individual"
R303,A study on stock market investors during COVID phase - prospect theory approach,2022,10.18137/cardiometry.2022.23.263271,1,0,0,0,1,0,0,0,0,0,0,0,0,0,encuesta,minoristas,India,acciones,False,adjudicado,Evalúa aversión al riesgo y a la pérdida en inversores
R304,"Easy, breezy, risky: Lay investors fail to diversify because correlated assets feel more fluent and less risky",2019,10.1016/j.obhdp.2019.06.001,0,1,0,0,0,1,0,0,0,0,0,0,0,0,mixto,minoristas,NA,mixto_general,False,adjudicado,El resumen declara enfoque de método mixto
R305,"The Impact of Emotional Finance, and Market Knowledge and Investor Protection on Investment Performance in Stock and Real Estate Markets",2023,10.1177/21582440231206900,0,1,0,0,0,0,1,0,0,0,0,0,0,0,encuesta,minoristas,NA,mixto_general,False,consenso,emociones y conocimiento de mercado
R306,How do the determinants of investment decisions get prioritized? Peeking into the minds of investors,2025,10.1108/K-04-2023-0662,0,0,0,0,0,1,0,0,0,0,0,0,0,0,encuesta,minoristas,India,acciones,False,consenso,heurística representativa entre determinantes
R307,A COMPREHENSIVE REVIEW OF BEHAVIORAL BIASES IN FINANCIAL DECISION-MAKING: FROM CLASSICAL FINANCE TO BEHAVIORAL FINANCE PERSPECTIVES,2024,10.3846/jbem.2024.22314,0,0,0,0,0,1,0,0,0,0,0,0,0,0,revision,mixta_no_especificada,NA,mixto_general,False,adjudicado,Revisa sustantivamente sesgos cognitivos genéricos
R308,The influence of emotional intelligence and behavioural biases on mutual fund churning frequency: Evidence from India,2024,10.1016/j.actpsy.2024.104426,0,0,1,0,1,0,1,0,0,0,0,1,0,0,encuesta,minoristas,India,fondos,False,consenso,inteligencia emocional y sesgos en fondos mutuos
R309,"NAVIGATING THE STOCK MARKET: MODELING WEALTH EXCHANGE AND NETWORK INTERACTION WITH LOSS AVERSION, DISPOSITION EFFECT AND ANCHORING AND ADJUSTMENT BIAS",2024,10.30784/epfad.1435009,0,0,0,0,1,1,0,0,0,0,0,1,0,0,computacional_ML,mixta_no_especificada,NA,acciones,False,adjudicado,Interacción en red entre agentes sesgados
R310,Behavioural Portfolio Selection and Optimisation: Equities versus Cryptocurrencies,2020,10.1080/15228916.2019.1625018,0,0,0,0,1,0,0,0,0,0,0,0,0,0,computacional_ML,mixta_no_especificada,NA,mixto_general,False,adjudicado,"Optimización con precios de mercado, no datos transaccionales"
R311,Impact of Psychological Biases and Personality Traits on Investor Trading Behavior,2019,,0,0,1,0,1,0,0,0,0,0,0,0,0,0,encuesta,minoristas,Pakistan,otro,False,consenso,sesgos y rasgos de personalidad en mercado de commodities
R312,Salience theory and mutual fund flows: Empirical evidence from China,2023,10.1016/j.ememar.2022.100988,0,0,0,0,0,1,1,0,0,0,0,0,0,0,datos_transaccionales,minoristas,China,fondos,False,adjudicado,Saliencia es sesgo cognitivo; además sentimiento inversor
R313,Is the disposition effect in bonds as strong as in stocks? Evidence from an emerging market,2020,10.1016/j.gfj.2019.100508,0,0,0,0,1,0,0,0,0,0,0,0,0,0,datos_transaccionales,mixta_no_especificada,NA,mixto_general,False,consenso,efecto disposición en bonos vs acciones
R314,Financial risk tolerance within couples of retail bank clients,2026,10.1016/j.iref.2025.104828,1,0,0,0,0,0,0,0,0,0,0,1,0,0,encuesta,minoristas,NA,mixto_general,False,consenso,"tolerancia al riesgo en parejas, interacción social"
R315,"Impact of investors' demographic, behavior, attitudes and knowledge and skills on their risk tolerance levels in Bangladesh's emerging capital market",2025,10.1108/RAMJ-12-2024-0328,1,1,0,0,0,0,0,0,0,0,0,0,0,0,encuesta,minoristas,Bangladesh,acciones,False,consenso,determinantes de tolerancia al riesgo
R316,Impact of Personality Traits on Risk Tolerance and Investors' Decision Making,2019,10.4018/IJABE.2019010101,1,0,0,0,0,0,0,0,0,0,0,0,0,0,encuesta,minoristas,Pakistan,mixto_general,False,consenso,"personalidad, tolerancia al riesgo y decisiones"
R317,The Relationship between Behavioral Tendencies and Stock Market Participation: A Study for Accounting and Finance Academics,2023,10.26650/ibr.2023.52.955732,1,0,1,0,0,1,0,0,0,0,0,1,0,0,encuesta,mixta_no_especificada,NA,acciones,False,adjudicado,"Académicos como inversores, no asesores profesionales"
R318,Overconfidence and risky investment choices,2022,,1,0,1,0,0,0,0,0,0,0,0,0,0,0,encuesta,minoristas,Estados Unidos,mixto_general,False,consenso,exceso de confianza y elecciones de inversión riesgosas
R319,Financial risk propensity and investment decisions: An empirical analysis using behavioural biases,2024,10.1016/j.iimb.2024.06.004,1,0,0,0,1,1,0,0,0,0,0,1,0,0,encuesta,minoristas,NA,mixto_general,False,adjudicado,Heurísticas incluidas como dimensión significativa
R320,"Household aging, commercial insurance participation, and risky asset allocation",2025,10.1016/j.irfa.2025.104291,1,1,0,0,0,0,0,1,0,0,0,0,0,0,encuesta,minoristas,China,mixto_general,False,consenso,envejecimiento del hogar y asignación de activos riesgosos
R321,Impact of financial communication practices on investors' risk perception and decision-making,2024,10.1504/IJICBM.2024.138994,1,0,0,0,0,0,0,0,0,0,0,0,0,1,teorico_conceptual,mixta_no_especificada,NA,mixto_general,False,adjudicado,Sin método empírico descrito; comunicación financiera como información
R322,IMPACT OF BEHAVIOURAL FINANCE ON RISK AND FINANCIAL DECISIONS OF MOROCCAN INVESTORS,2024,10.55643/fcaptp.4.57.2024.4451,1,0,1,0,1,0,0,0,0,0,1,0,0,0,mixto,minoristas,Marruecos,acciones,False,adjudicado,"Modelo psicológico contextual, no clasificación de inversores"
R323,Moderator effect of income on sharia stock investment decisions on the Stockbit,2026,10.1108/JIABR-04-2025-0223,1,1,0,0,0,0,0,0,0,0,1,0,0,0,encuesta,minoristas,Indonesia,acciones,False,consenso,"religiosidad, alfabetización, percepción de riesgo, ingreso"
R324,What drives investment choices? A behavioral perspective from Gujarat state,2026,10.1108/RAMJ-07-2025-0136,1,0,1,0,0,0,0,0,0,0,0,0,0,0,mixto,minoristas,India,mixto_general,False,adjudicado,Sesgo de optimismo codificado en familia de exceso de confianza
R325,"Role of perceived COVID-19 disruption, personality traits and risk perception in determining the investment behavior of retail investors: a hybrid regression-neural network approach",2025,10.1108/JEAS-01-2023-0026,1,0,0,0,0,0,0,0,0,0,0,0,0,0,encuesta,minoristas,India,acciones,False,adjudicado,Encuesta; la red neuronal es solo técnica de análisis
R326,Tangibility bias in investment risk judgments,2022,10.1016/j.obhdp.2022.104150,1,0,0,0,0,1,0,0,0,0,0,0,0,0,experimento,mixta_no_especificada,NA,mixto_general,False,adjudicado,Tangibilidad es sesgo cognitivo además de percepción de riesgo
R327,Mediating Role of Optimism Bias and Risk Perception Between Emotional Intelligence and Decision-Making: A Serial Mediation Model,2022,10.3389/fpsyg.2022.914649,1,0,1,0,0,0,1,0,0,0,0,0,0,0,encuesta,minoristas,NA,otro,False,adjudicado,Sesgo de optimismo asimilado a exceso de confianza
R328,Anxiety in Returns,2025,10.1080/15427560.2023.2257344,1,0,0,0,0,0,1,0,0,0,0,0,0,0,datos_transaccionales,mixta_no_especificada,NA,acciones,False,consenso,ansiedad y aversión al riesgo en retornos
R329,When do investors gamble in the stock market?,2021,10.1016/j.irfa.2021.101712,1,0,0,0,1,0,0,0,0,0,0,0,0,0,datos_transaccionales,minoristas,China,acciones,False,consenso,comportamiento de juego motivado por teoría prospectiva
R330,A STUDY ON BEHAVIOURAL TRAITS OF RISK AVERSE INVESTORS : EVIDENCES FROM INDIA,2020,10.5958/2321-2012.2020.00022.6,1,0,0,0,0,0,0,0,0,0,0,0,0,0,encuesta,minoristas,India,mixto_general,False,consenso,rasgos conductuales de inversionistas averso al riesgo
R331,RISK MEASURE OPTIMIZATION: PERCEIVED RISK AND OVERCONFIDENCE OF STRUCTURED PRODUCT INVESTORS,2019,10.3934/jimo.2018105,1,0,1,0,0,0,0,0,0,0,0,0,0,0,teorico_conceptual,mixta_no_especificada,NA,otro,False,consenso,riesgo percibido y exceso de confianza en productos estructurados
R332,Diversification Benefits of REIT Preferred and Common Stock: New Evidence from a Utility-based Framework,2020,10.1111/1540-6229.12166,1,0,0,0,0,0,0,0,0,0,0,0,0,0,computacional_ML,mixta_no_especificada,NA,acciones,False,adjudicado,Optimización de carteras por nivel de aversión al riesgo
R333,Understanding the Psyche of Retail Investors in India and Their Reactions towards Market Highs and Lows While Making Investment Decisions during the Times of Covid-19,2021,,1,0,0,0,0,0,0,0,0,0,0,0,0,0,encuesta,minoristas,India,acciones,False,consenso,psique de inversionistas minoristas durante COVID
R334,Unraveling the role of personality in equity markets,2026,10.1108/RBE-06-2025-0046,0,0,0,1,0,0,0,0,0,0,0,0,0,0,encuesta,minoristas,NA,acciones,False,adjudicado,"Tolerancia al riesgo solo en implicaciones, no examinada"
R335,Does Anticipated Regret Affect the Predictability of Stock Returns?,2026,10.1111/fire.70014,0,0,0,0,1,0,0,0,0,0,0,0,0,0,teorico_conceptual,mixta_no_especificada,NA,acciones,False,consenso,modelo teórico de aversión al arrepentimiento
R336,An insight of financial literacy and artificial intelligence to mitigate behavioral biases: a bibliometric and systematic review analysis using SPAR-4-SLR,2025,10.1108/IJOEM-07-2024-1110,0,1,0,0,0,0,0,0,0,0,0,0,0,1,revision,mixta_no_especificada,NA,mixto_general,False,adjudicado,IA y robo-advisory como información/tecnología
R337,Examining the Effect of Fear on Investment Decisions and Interpreting It with Psychological Factors: A Research on Turkiye2,2023,10.17233/sosyoekonomi.2023.02.15,0,0,0,0,1,1,1,0,0,1,0,1,0,0,datos_transaccionales,mixta_no_especificada,Turquía,mixto_general,False,consenso,índice de miedo financiero y sesgos
R338,"Income, trading, and performance: Evidence from retail investors",2022,10.1016/j.jempfin.2022.01.006,1,0,0,0,0,0,0,0,0,0,0,0,0,0,datos_transaccionales,minoristas,NA,acciones,False,consenso,"ingreso, negociación y toma de riesgo"
R339,Moderation effect of pleasure seeking and loss aversion in the relationship between personality traits and risky investment intention,2021,10.1108/K-05-2020-0278,1,0,0,0,1,0,0,0,0,0,0,0,0,0,encuesta,mixta_no_especificada,NA,mixto_general,False,adjudicado,Examina aversión al riesgo general y aversión a la pérdida
R340,Analyzing stock market trends using social media user moods and social influence,2019,10.1002/asi.24173,0,0,0,0,0,0,1,0,0,0,0,1,1,0,computacional_ML,mixta_no_especificada,China,acciones,False,adjudicado,"Moods de microblog e influencia social, no cobertura mediática"
R341,Biased short: Short sellers' disposition effect and limits to arbitrage,2020,10.1016/j.finmar.2019.100512,0,0,0,0,1,0,0,0,0,0,0,0,0,0,datos_transaccionales,mixta_no_especificada,NA,acciones,False,adjudicado,Tipo de vendedor en corto no especificado en el resumen
R342,Pricing Efficiency and Bounded Rationality: Evidence Based on the Responses Surrounding GICS Real Estate Category Creation,2020,,0,0,0,0,0,1,0,0,0,0,0,0,0,0,datos_transaccionales,mixta_no_especificada,Estados Unidos,acciones,False,consenso,efecto de encuadre por reclasificación GICS
R343,A test of market efficiency using stock market anomalies: a behavioural approach,2019,,0,0,0,0,1,1,0,0,0,0,0,0,0,0,encuesta,minoristas,Pakistan,acciones,False,consenso,anomalías de mercado y sesgos conductuales
