region,n
India,66
China,15
Estados Unidos,12
Indonesia,10
Pakistan,6
Arabia Saudita,5
Turquía,5
Bangladesh,5
Brasil,4
España,4
Nepal,4
Japón,3
Canadá,3
Malasia,3
Vietnam,3
Sudáfrica,3
Pakistán,3
Filipinas,2
Tailandia,2
Italia,2
Turquia,2
Egipto,2
Marruecos,2
Rusia,2
Jordania,2
Alemania e India,1
Israel,1
Tunez,1
Sri Lanka,1
Emiratos Árabes Unidos,1
Alemania,1
Polonia,1
Líbano,1
Corea del Sur,1
Bahrein,1
Iran,1
Finlandia,1
Irán,1
Hong Kong,1
Zona Euro (16 países),1
Japón y Estados Unidos,1
Reino Unido,1
